player_id,madden_id,fullname,team,position,overallrating,game_rating,pass_rating,rush_rating,receive_rating,block_rating,headshot,high_pos_group
"m26-ja-marr-chase","1370","Ja'Marr Chase","CIN","WR","99","97","33","88","96","45","https://ratings-images-prod.pulse.ea.com/madden-nfl-26/portraits/1370.png?im=FaceCrop,padding=0.7","off"
"m26-josh-allen","8800","Josh Allen","BUF","QB","99","96","94","83","34","16","https://ratings-images-prod.pulse.ea.com/madden-nfl-26/portraits/8800.png?im=FaceCrop,padding=0.7","off"
"m26-george-kittle","8622","George Kittle","SF","TE","98","87","32","84","87","70","https://ratings-images-prod.pulse.ea.com/madden-nfl-26/portraits/8622.png?im=FaceCrop,padding=0.7","off"
"m26-jahmyr-gibbs","2564","Jahmyr Gibbs","DET","RB","98","94","31","92","74","41","https://ratings-images-prod.pulse.ea.com/madden-nfl-26/portraits/2564.png?im=FaceCrop,padding=0.7","off"
"m26-matthew-stafford","6302","Matthew Stafford","LAR","QB","98","96","95","72","27","24","https://ratings-images-prod.pulse.ea.com/madden-nfl-26/portraits/6302.png?im=FaceCrop,padding=0.7","off"
"m26-puka-nacua","4785","Puka Nacua","LAR","WR","97","96","28","87","96","46","https://ratings-images-prod.pulse.ea.com/madden-nfl-26/portraits/4785.png?im=FaceCrop,padding=0.7","off"
"m26-trey-mcbride","1830","Trey McBride","ARI","TE","97","87","30","84","89","62","https://ratings-images-prod.pulse.ea.com/madden-nfl-26/portraits/1830.png?im=FaceCrop,padding=0.7","off"
"m26-amon-ra-st-brown","1313","Amon-Ra St. Brown","DET","WR","96","95","47","85","95","37","https://ratings-images-prod.pulse.ea.com/madden-nfl-26/portraits/1313.png?im=FaceCrop,padding=0.7","off"
"m26-christian-mccaffrey","8655","Christian McCaffrey","SF","RB","96","95","52","94","80","49","https://ratings-images-prod.pulse.ea.com/madden-nfl-26/portraits/8655.png?im=FaceCrop,padding=0.7","off"
"m26-joe-burrow","198","Joe Burrow","CIN","QB","96","95","94","78","35","15","https://ratings-images-prod.pulse.ea.com/madden-nfl-26/portraits/198.png?im=FaceCrop,padding=0.7","off"
"m26-jonathan-taylor","604","Jonathan Taylor","IND","RB","96","96","34","96","66","46","https://ratings-images-prod.pulse.ea.com/madden-nfl-26/portraits/604.png?im=FaceCrop,padding=0.7","off"
"m26-bijan-robinson","2613","Bijan Robinson","ATL","RB","95","92","42","91","72","49","https://ratings-images-prod.pulse.ea.com/madden-nfl-26/portraits/2613.png?im=FaceCrop,padding=0.7","off"
"m26-jaxon-smith-njigba","2401","Jaxon Smith-Njigba","SEA","WR","95","94","29","85","94","41","https://ratings-images-prod.pulse.ea.com/madden-nfl-26/portraits/2401.png?im=FaceCrop,padding=0.7","off"
"m26-derrick-henry","8045","Derrick Henry","BAL","RB","94","93","44","92","60","54","https://ratings-images-prod.pulse.ea.com/madden-nfl-26/portraits/8045.png?im=FaceCrop,padding=0.7","off"
"m26-justin-jefferson","385","Justin Jefferson","MIN","WR","94","94","43","84","94","37","https://ratings-images-prod.pulse.ea.com/madden-nfl-26/portraits/385.png?im=FaceCrop,padding=0.7","off"
"m26-lamar-jackson","8940","Lamar Jackson","BAL","QB","94","92","91","85","40","14","https://ratings-images-prod.pulse.ea.com/madden-nfl-26/portraits/8940.png?im=FaceCrop,padding=0.7","off"
"m26-brock-bowers","10018","Brock Bowers","LV","TE","93","84","31","83","88","59","https://ratings-images-prod.pulse.ea.com/madden-nfl-26/portraits/10018.png?im=FaceCrop,padding=0.7","off"
"m26-ceedee-lamb","418","CeeDee Lamb","DAL","WR","93","92","39","86","91","45","https://ratings-images-prod.pulse.ea.com/madden-nfl-26/portraits/418.png?im=FaceCrop,padding=0.7","off"
"m26-drake-maye","10165","Drake Maye","NE","QB","93","93","93","78","30","23","https://ratings-images-prod.pulse.ea.com/madden-nfl-26/portraits/10165.png?im=FaceCrop,padding=0.7","off"
"m26-james-cook-iii","1304","James Cook III","BUF","RB","93","91","30","90","67","47","https://ratings-images-prod.pulse.ea.com/madden-nfl-26/portraits/1304.png?im=FaceCrop,padding=0.7","off"
"m26-drake-london","1813","Drake London","ATL","WR","92","91","30","84","90","40","https://ratings-images-prod.pulse.ea.com/madden-nfl-26/portraits/1813.png?im=FaceCrop,padding=0.7","off"
"m26-patrick-mahomes","8648","Patrick Mahomes","KC","QB","92","91","91","80","42","17","https://ratings-images-prod.pulse.ea.com/madden-nfl-26/portraits/8648.png?im=FaceCrop,padding=0.7","off"
"m26-saquon-barkley","8813","Saquon Barkley","PHI","RB","92","91","45","91","73","48","https://ratings-images-prod.pulse.ea.com/madden-nfl-26/portraits/8813.png?im=FaceCrop,padding=0.7","off"
"m26-tyreek-hill","8052","Tyreek Hill","MIA","WR","92","91","41","87","91","43","https://ratings-images-prod.pulse.ea.com/madden-nfl-26/portraits/8052.png?im=FaceCrop,padding=0.7","off"
"m26-dak-prescott","8179","Dak Prescott","DAL","QB","91","91","91","79","34","30","https://ratings-images-prod.pulse.ea.com/madden-nfl-26/portraits/8179.png?im=FaceCrop,padding=0.7","off"
"m26-devonta-smith","1369","DeVonta Smith","PHI","WR","91","91","34","83","91","37","https://ratings-images-prod.pulse.ea.com/madden-nfl-26/portraits/1369.png?im=FaceCrop,padding=0.7","off"
"m26-josh-jacobs","9520","Josh Jacobs","GB","RB","91","92","41","92","64","48","https://ratings-images-prod.pulse.ea.com/madden-nfl-26/portraits/9520.png?im=FaceCrop,padding=0.7","off"
"m26-mark-andrews","8802","Mark Andrews","BAL","TE","91","83","27","81","85","61","https://ratings-images-prod.pulse.ea.com/madden-nfl-26/portraits/8802.png?im=FaceCrop,padding=0.7","off"
"m26-mike-evans","6407","Mike Evans","TB","WR","91","91","35","86","91","53","https://ratings-images-prod.pulse.ea.com/madden-nfl-26/portraits/6407.png?im=FaceCrop,padding=0.7","off"
"m26-davante-adams","6328","Davante Adams","LAR","WR","90","90","33","85","90","42","https://ratings-images-prod.pulse.ea.com/madden-nfl-26/portraits/6328.png?im=FaceCrop,padding=0.7","off"
"m26-kenneth-walker-iii","2005","Kenneth Walker III","SEA","RB","90","92","30","93","59","44","https://ratings-images-prod.pulse.ea.com/madden-nfl-26/portraits/2005.png?im=FaceCrop,padding=0.7","off"
"m26-terry-mclaurin","9567","Terry McLaurin","WAS","WR","90","91","29","86","92","42","https://ratings-images-prod.pulse.ea.com/madden-nfl-26/portraits/9567.png?im=FaceCrop,padding=0.7","off"
"m26-travis-kelce","5920","Travis Kelce","KC","TE","90","82","65","81","83","64","https://ratings-images-prod.pulse.ea.com/madden-nfl-26/portraits/5920.png?im=FaceCrop,padding=0.7","off"
"m26-a-j-brown","9397","A.J. Brown","PHI","WR","89","89","42","86","89","48","https://ratings-images-prod.pulse.ea.com/madden-nfl-26/portraits/9397.png?im=FaceCrop,padding=0.7","off"
"m26-justin-herbert","346","Justin Herbert","LAC","QB","89","90","91","77","31","21","https://ratings-images-prod.pulse.ea.com/madden-nfl-26/portraits/346.png?im=FaceCrop,padding=0.7","off"
"m26-kyren-williams","2036","Kyren Williams","LAR","RB","89","90","46","91","69","53","https://ratings-images-prod.pulse.ea.com/madden-nfl-26/portraits/2036.png?im=FaceCrop,padding=0.7","off"
"m26-nico-collins","1148","Nico Collins","HOU","WR","89","90","39","87","91","41","https://ratings-images-prod.pulse.ea.com/madden-nfl-26/portraits/1148.png?im=FaceCrop,padding=0.7","off"
"m26-dallas-goedert","8901","Dallas Goedert","PHI","TE","88","81","27","81","82","68","https://ratings-images-prod.pulse.ea.com/madden-nfl-26/portraits/8901.png?im=FaceCrop,padding=0.7","off"
"m26-george-pickens","1888","George Pickens","DAL","WR","88","89","27","81","90","41","https://ratings-images-prod.pulse.ea.com/madden-nfl-26/portraits/1888.png?im=FaceCrop,padding=0.7","off"
"m26-jared-goff","8021","Jared Goff","DET","QB","88","89","90","67","34","17","https://ratings-images-prod.pulse.ea.com/madden-nfl-26/portraits/8021.png?im=FaceCrop,padding=0.7","off"
"m26-joe-mixon","9241","Joe Mixon","HOU","RB","88","90","45","91","69","57","https://ratings-images-prod.pulse.ea.com/madden-nfl-26/portraits/9241.png?im=FaceCrop,padding=0.7","off"
"m26-kyle-juszczyk","6869","Kyle Juszczyk","SF","RB","88","82","32","79","74","71","https://ratings-images-prod.pulse.ea.com/madden-nfl-26/portraits/6869.png?im=FaceCrop,padding=0.7","off"
"m26-tee-higgins","351","Tee Higgins","CIN","WR","88","89","40","85","89","40","https://ratings-images-prod.pulse.ea.com/madden-nfl-26/portraits/351.png?im=FaceCrop,padding=0.7","off"
"m26-zay-flowers","2140","Zay Flowers","BAL","WR","88","87","48","84","87","38","https://ratings-images-prod.pulse.ea.com/madden-nfl-26/portraits/2140.png?im=FaceCrop,padding=0.7","off"
"m26-chris-olave","1870","Chris Olave","NO","WR","87","88","27","80","89","33","https://ratings-images-prod.pulse.ea.com/madden-nfl-26/portraits/1870.png?im=FaceCrop,padding=0.7","off"
"m26-courtland-sutton","9072","Courtland Sutton","DEN","WR","87","87","62","84","87","50","https://ratings-images-prod.pulse.ea.com/madden-nfl-26/portraits/9072.png?im=FaceCrop,padding=0.7","off"
"m26-de-von-achane","676","De'Von Achane","MIA","RB","87","88","45","89","69","40","https://ratings-images-prod.pulse.ea.com/madden-nfl-26/portraits/676.png?im=FaceCrop,padding=0.7","off"
"m26-jordan-love","433","Jordan Love","GB","QB","87","89","90","73","27","19","https://ratings-images-prod.pulse.ea.com/madden-nfl-26/portraits/433.png?im=FaceCrop,padding=0.7","off"
"m26-sam-laporta","2286","Sam LaPorta","DET","TE","87","81","34","80","84","61","https://ratings-images-prod.pulse.ea.com/madden-nfl-26/portraits/2286.png?im=FaceCrop,padding=0.7","off"
"m26-stefon-diggs","7085","Stefon Diggs","NE","WR","87","88","39","82","89","45","https://ratings-images-prod.pulse.ea.com/madden-nfl-26/portraits/7085.png?im=FaceCrop,padding=0.7","off"
"m26-travis-etienne-jr","1365","Travis Etienne Jr","JAX","RB","87","90","51","91","69","49","https://ratings-images-prod.pulse.ea.com/madden-nfl-26/portraits/1365.png?im=FaceCrop,padding=0.7","off"
"m26-breece-hall","1747","Breece Hall","NY Jets","RB","86","87","32","88","68","50","https://ratings-images-prod.pulse.ea.com/madden-nfl-26/portraits/1747.png?im=FaceCrop,padding=0.7","off"
"m26-brock-purdy","1899","Brock Purdy","SF","QB","86","88","89","73","25","16","https://ratings-images-prod.pulse.ea.com/madden-nfl-26/portraits/1899.png?im=FaceCrop,padding=0.7","off"
"m26-bucky-irving","10113","Bucky Irving","TB","RB","86","87","37","88","68","36","https://ratings-images-prod.pulse.ea.com/madden-nfl-26/portraits/10113.png?im=FaceCrop,padding=0.7","off"
"m26-garrett-wilson","2040","Garrett Wilson","NY Jets","WR","86","87","30","83","87","37","https://ratings-images-prod.pulse.ea.com/madden-nfl-26/portraits/2040.png?im=FaceCrop,padding=0.7","off"
"m26-hunter-henry","8046","Hunter Henry","NE","TE","86","80","28","77","82","64","https://ratings-images-prod.pulse.ea.com/madden-nfl-26/portraits/8046.png?im=FaceCrop,padding=0.7","off"
"m26-jaylen-waddle","1374","Jaylen Waddle","MIA","WR","86","87","37","85","87","41","https://ratings-images-prod.pulse.ea.com/madden-nfl-26/portraits/1374.png?im=FaceCrop,padding=0.7","off"
"m26-malik-nabers","10192","Malik Nabers","NY Giants","WR","86","87","28","84","88","31","https://ratings-images-prod.pulse.ea.com/madden-nfl-26/portraits/10192.png?im=FaceCrop,padding=0.7","off"
"m26-caleb-williams","10296","Caleb Williams","CHI","QB","85","87","88","76","33","15","https://ratings-images-prod.pulse.ea.com/madden-nfl-26/portraits/10296.png?im=FaceCrop,padding=0.7","off"
"m26-d-andre-swift","599","D'Andre Swift","CHI","RB","85","88","38","89","70","44","https://ratings-images-prod.pulse.ea.com/madden-nfl-26/portraits/599.png?im=FaceCrop,padding=0.7","off"
"m26-d-k-metcalf","9569","D.K. Metcalf","PIT","WR","85","86","31","84","87","46","https://ratings-images-prod.pulse.ea.com/madden-nfl-26/portraits/9569.png?im=FaceCrop,padding=0.7","off"
"m26-dj-moore","8995","DJ Moore","CHI","WR","85","86","41","84","87","42","https://ratings-images-prod.pulse.ea.com/madden-nfl-26/portraits/8995.png?im=FaceCrop,padding=0.7","off"
"m26-jameson-williams","2033","Jameson Williams","DET","WR","85","84","29","82","84","35","https://ratings-images-prod.pulse.ea.com/madden-nfl-26/portraits/2033.png?im=FaceCrop,padding=0.7","off"
"m26-javonte-williams","1118","Javonte Williams","DAL","RB","85","88","28","89","64","58","https://ratings-images-prod.pulse.ea.com/madden-nfl-26/portraits/1118.png?im=FaceCrop,padding=0.7","off"
"m26-rashee-rice","2366","Rashee Rice","KC","WR","85","86","40","83","87","46","https://ratings-images-prod.pulse.ea.com/madden-nfl-26/portraits/2366.png?im=FaceCrop,padding=0.7","off"
"m26-sam-darnold","8861","Sam Darnold","SEA","QB","85","88","89","69","30","22","https://ratings-images-prod.pulse.ea.com/madden-nfl-26/portraits/8861.png?im=FaceCrop,padding=0.7","off"
"m26-tucker-kraft","2279","Tucker Kraft","GB","TE","85","79","51","82","81","63","https://ratings-images-prod.pulse.ea.com/madden-nfl-26/portraits/2279.png?im=FaceCrop,padding=0.7","off"
"m26-alec-pierce","1890","Alec Pierce","IND","WR","84","86","28","82","87","38","https://ratings-images-prod.pulse.ea.com/madden-nfl-26/portraits/1890.png?im=FaceCrop,padding=0.7","off"
"m26-baker-mayfield","8982","Baker Mayfield","TB","QB","84","88","89","77","42","23","https://ratings-images-prod.pulse.ea.com/madden-nfl-26/portraits/8982.png?im=FaceCrop,padding=0.7","off"
"m26-brandon-aiyuk","71","Brandon Aiyuk","SF","WR","84","86","34","82","87","41","https://ratings-images-prod.pulse.ea.com/madden-nfl-26/portraits/71.png?im=FaceCrop,padding=0.7","off"
"m26-colston-loveland","10639","Colston Loveland","CHI","TE","84","79","30","78","82","60","https://ratings-images-prod.pulse.ea.com/madden-nfl-26/portraits/10639.png?im=FaceCrop,padding=0.7","off"
"m26-cooper-kupp","8626","Cooper Kupp","SEA","WR","84","86","51","83","87","55","https://ratings-images-prod.pulse.ea.com/madden-nfl-26/portraits/8626.png?im=FaceCrop,padding=0.7","off"
"m26-dalton-schultz","9050","Dalton Schultz","HOU","TE","84","79","26","76","82","62","https://ratings-images-prod.pulse.ea.com/madden-nfl-26/portraits/9050.png?im=FaceCrop,padding=0.7","off"
"m26-david-montgomery","9577","David Montgomery","DET","RB","84","88","51","90","66","54","https://ratings-images-prod.pulse.ea.com/madden-nfl-26/portraits/9577.png?im=FaceCrop,padding=0.7","off"
"m26-jordan-addison","813","Jordan Addison","MIN","WR","84","86","53","83","87","33","https://ratings-images-prod.pulse.ea.com/madden-nfl-26/portraits/813.png?im=FaceCrop,padding=0.7","off"
"m26-michael-pittman-jr","532","Michael Pittman Jr","IND","WR","84","85","47","83","85","49","https://ratings-images-prod.pulse.ea.com/madden-nfl-26/portraits/532.png?im=FaceCrop,padding=0.7","off"
"m26-rico-dowdle","259","Rico Dowdle","CAR","RB","84","87","42","88","63","49","https://ratings-images-prod.pulse.ea.com/madden-nfl-26/portraits/259.png?im=FaceCrop,padding=0.7","off"
"m26-ashton-jeanty","10611","Ashton Jeanty","LV","RB","83","86","33","87","68","46","https://ratings-images-prod.pulse.ea.com/madden-nfl-26/portraits/10611.png?im=FaceCrop,padding=0.7","off"
"m26-j-k-dobbins","257","J.K. Dobbins","DEN","RB","83","87","36","88","63","50","https://ratings-images-prod.pulse.ea.com/madden-nfl-26/portraits/257.png?im=FaceCrop,padding=0.7","off"
"m26-jalen-hurts","704","Jalen Hurts","PHI","QB","83","85","86","79","52","28","https://ratings-images-prod.pulse.ea.com/madden-nfl-26/portraits/704.png?im=FaceCrop,padding=0.7","off"
"m26-james-conner","8515","James Conner","ARI","RB","83","87","28","88","66","59","https://ratings-images-prod.pulse.ea.com/madden-nfl-26/portraits/8515.png?im=FaceCrop,padding=0.7","off"
"m26-keenan-allen","5654","Keenan Allen","LAC","WR","83","85","49","84","86","51","https://ratings-images-prod.pulse.ea.com/madden-nfl-26/portraits/5654.png?im=FaceCrop,padding=0.7","off"
"m26-ladd-mcconkey","10169","Ladd McConkey","LAC","WR","83","85","27","80","86","37","https://ratings-images-prod.pulse.ea.com/madden-nfl-26/portraits/10169.png?im=FaceCrop,padding=0.7","off"
"m26-reggie-gilliam","1432","Reggie Gilliam","BUF","RB","83","78","35","76","67","71","https://ratings-images-prod.pulse.ea.com/madden-nfl-26/portraits/1432.png?im=FaceCrop,padding=0.7","off"
"m26-t-j-hockenson","9503","T.J. Hockenson","MIN","TE","83","77","30","80","79","61","https://ratings-images-prod.pulse.ea.com/madden-nfl-26/portraits/9503.png?im=FaceCrop,padding=0.7","off"
"m26-tetairoa-mcmillan","10657","Tetairoa McMillan","CAR","WR","83","85","69","82","86","36","https://ratings-images-prod.pulse.ea.com/madden-nfl-26/portraits/10657.png?im=FaceCrop,padding=0.7","off"
"m26-tony-pollard","9600","Tony Pollard","TEN","RB","83","86","29","87","70","47","https://ratings-images-prod.pulse.ea.com/madden-nfl-26/portraits/9600.png?im=FaceCrop,padding=0.7","off"
"m26-tyler-warren","10769","Tyler Warren","IND","TE","83","78","59","78","80","63","https://ratings-images-prod.pulse.ea.com/madden-nfl-26/portraits/10769.png?im=FaceCrop,padding=0.7","off"
"m26-wan-dale-robinson","1924","Wan'Dale Robinson","NY Giants","WR","83","85","29","83","86","35","https://ratings-images-prod.pulse.ea.com/madden-nfl-26/portraits/1924.png?im=FaceCrop,padding=0.7","off"
"m26-chase-brown","1827","Chase Brown","CIN","RB","82","86","46","87","64","51","https://ratings-images-prod.pulse.ea.com/madden-nfl-26/portraits/1827.png?im=FaceCrop,padding=0.7","off"
"m26-chris-godwin-jr","8567","Chris Godwin Jr","TB","WR","82","86","31","80","88","55","https://ratings-images-prod.pulse.ea.com/madden-nfl-26/portraits/8567.png?im=FaceCrop,padding=0.7","off"
"m26-darren-waller","7365","Darren Waller","MIA","TE","82","78","29","80","81","60","https://ratings-images-prod.pulse.ea.com/madden-nfl-26/portraits/7365.png?im=FaceCrop,padding=0.7","off"
"m26-jake-ferguson","1577","Jake Ferguson","DAL","TE","82","78","32","76","80","65","https://ratings-images-prod.pulse.ea.com/madden-nfl-26/portraits/1577.png?im=FaceCrop,padding=0.7","off"
"m26-jakobi-meyers","9570","Jakobi Meyers","JAX","WR","82","86","64","80","87","43","https://ratings-images-prod.pulse.ea.com/madden-nfl-26/portraits/9570.png?im=FaceCrop,padding=0.7","off"
"m26-jaylen-warren","2012","Jaylen Warren","PIT","RB","82","87","33","89","67","54","https://ratings-images-prod.pulse.ea.com/madden-nfl-26/portraits/2012.png?im=FaceCrop,padding=0.7","off"
"m26-khalil-shakir","1942","Khalil Shakir","BUF","WR","82","85","40","83","86","34","https://ratings-images-prod.pulse.ea.com/madden-nfl-26/portraits/1942.png?im=FaceCrop,padding=0.7","off"
"m26-patrick-ricard","9274","Patrick Ricard","BAL","RB","82","73","22","69","55","71","https://ratings-images-prod.pulse.ea.com/madden-nfl-26/portraits/9274.png?im=FaceCrop,padding=0.7","off"
"m26-rome-odunze","10199","Rome Odunze","CHI","WR","82","84","28","82","85","38","https://ratings-images-prod.pulse.ea.com/madden-nfl-26/portraits/10199.png?im=FaceCrop,padding=0.7","off"
"m26-travis-hunter","10599","Travis Hunter","JAX","WR","82","83","39","79","84","39","https://ratings-images-prod.pulse.ea.com/madden-nfl-26/portraits/10599.png?im=FaceCrop,padding=0.7","off"
"m26-treveyon-henderson","10584","TreVeyon Henderson","NE","RB","82","86","27","88","66","47","https://ratings-images-prod.pulse.ea.com/madden-nfl-26/portraits/10584.png?im=FaceCrop,padding=0.7","off"
"m26-trevor-lawrence","1372","Trevor Lawrence","JAX","QB","82","86","88","79","39","19","https://ratings-images-prod.pulse.ea.com/madden-nfl-26/portraits/1372.png?im=FaceCrop,padding=0.7","off"
"m26-zach-charbonnet","1919","Zach Charbonnet","SEA","RB","82","87","27","89","65","52","https://ratings-images-prod.pulse.ea.com/madden-nfl-26/portraits/1919.png?im=FaceCrop,padding=0.7","off"
"m26-bo-nix","10195","Bo Nix","DEN","QB","81","86","88","74","52","15","https://ratings-images-prod.pulse.ea.com/madden-nfl-26/portraits/10195.png?im=FaceCrop,padding=0.7","off"
"m26-brian-thomas-jr","10263","Brian Thomas Jr","JAX","WR","81","83","25","82","84","35","https://ratings-images-prod.pulse.ea.com/madden-nfl-26/portraits/10263.png?im=FaceCrop,padding=0.7","off"
"m26-cam-skattebo","10732","Cam Skattebo","NY Giants","RB","81","85","61","86","65","53","https://ratings-images-prod.pulse.ea.com/madden-nfl-26/portraits/10732.png?im=FaceCrop,padding=0.7","off"
"m26-chuba-hubbard","1234","Chuba Hubbard","CAR","RB","81","85","33","87","67","48","https://ratings-images-prod.pulse.ea.com/madden-nfl-26/portraits/1234.png?im=FaceCrop,padding=0.7","off"
"m26-dalton-kincaid","2277","Dalton Kincaid","BUF","TE","81","77","26","78","81","59","https://ratings-images-prod.pulse.ea.com/madden-nfl-26/portraits/2277.png?im=FaceCrop,padding=0.7","off"
"m26-david-njoku","8674","David Njoku","CLE","TE","81","76","22","80","79","61","https://ratings-images-prod.pulse.ea.com/madden-nfl-26/portraits/8674.png?im=FaceCrop,padding=0.7","off"
"m26-deebo-samuel-sr","9618","Deebo Samuel Sr","WAS","WR","81","82","41","82","83","44","https://ratings-images-prod.pulse.ea.com/madden-nfl-26/portraits/9618.png?im=FaceCrop,padding=0.7","off"
"m26-emeka-egbuka","10542","Emeka Egbuka","TB","WR","81","85","46","81","86","32","https://ratings-images-prod.pulse.ea.com/madden-nfl-26/portraits/10542.png?im=FaceCrop,padding=0.7","off"
"m26-jauan-jennings","391","Jauan Jennings","SF","WR","81","83","62","84","84","51","https://ratings-images-prod.pulse.ea.com/madden-nfl-26/portraits/391.png?im=FaceCrop,padding=0.7","off"
"m26-jerry-jeudy","392","Jerry Jeudy","CLE","WR","81","82","29","81","83","39","https://ratings-images-prod.pulse.ea.com/madden-nfl-26/portraits/392.png?im=FaceCrop,padding=0.7","off"
"m26-jordan-mason","4679","Jordan Mason","MIN","RB","81","86","36","88","56","48","https://ratings-images-prod.pulse.ea.com/madden-nfl-26/portraits/4679.png?im=FaceCrop,padding=0.7","off"
"m26-michael-wilson","2480","Michael Wilson","ARI","WR","81","84","34","81","85","43","https://ratings-images-prod.pulse.ea.com/madden-nfl-26/portraits/2480.png?im=FaceCrop,padding=0.7","off"
"m26-omarion-hampton","10572","Omarion Hampton","LAC","RB","81","86","29","88","66","48","https://ratings-images-prod.pulse.ea.com/madden-nfl-26/portraits/10572.png?im=FaceCrop,padding=0.7","off"
"m26-quinshon-judkins","10618","Quinshon Judkins","CLE","RB","81","86","34","88","62","46","https://ratings-images-prod.pulse.ea.com/madden-nfl-26/portraits/10618.png?im=FaceCrop,padding=0.7","off"
"m26-aaron-jones-sr","8609","Aaron Jones Sr","MIN","RB","80","83","37","84","70","42","https://ratings-images-prod.pulse.ea.com/madden-nfl-26/portraits/8609.png?im=FaceCrop,padding=0.7","off"
"m26-aaron-rodgers","6299","Aaron Rodgers","PIT","QB","80","85","87","71","32","18","https://ratings-images-prod.pulse.ea.com/madden-nfl-26/portraits/6299.png?im=FaceCrop,padding=0.7","off"
"m26-alvin-kamara","8617","Alvin Kamara","NO","RB","80","84","41","85","77","46","https://ratings-images-prod.pulse.ea.com/madden-nfl-26/portraits/8617.png?im=FaceCrop,padding=0.7","off"
"m26-harold-fannin-jr","10549","Harold Fannin Jr","CLE","TE","80","76","70","79","78","61","https://ratings-images-prod.pulse.ea.com/madden-nfl-26/portraits/10549.png?im=FaceCrop,padding=0.7","off"
"m26-jayden-reed","2365","Jayden Reed","GB","WR","80","83","47","80","84","34","https://ratings-images-prod.pulse.ea.com/madden-nfl-26/portraits/2365.png?im=FaceCrop,padding=0.7","off"
"m26-josh-downs","2117","Josh Downs","IND","WR","80","84","52","80","85","33","https://ratings-images-prod.pulse.ea.com/madden-nfl-26/portraits/2117.png?im=FaceCrop,padding=0.7","off"
"m26-kayshon-boutte","1640","Kayshon Boutte","NE","WR","80","84","30","81","85","40","https://ratings-images-prod.pulse.ea.com/madden-nfl-26/portraits/1640.png?im=FaceCrop,padding=0.7","off"
"m26-kyle-pitts-sr","1375","Kyle Pitts Sr","ATL","TE","80","76","42","78","79","58","https://ratings-images-prod.pulse.ea.com/madden-nfl-26/portraits/1375.png?im=FaceCrop,padding=0.7","off"
"m26-marvin-harrison-jr","10102","Marvin Harrison Jr","ARI","WR","80","83","27","81","84","34","https://ratings-images-prod.pulse.ea.com/madden-nfl-26/portraits/10102.png?im=FaceCrop,padding=0.7","off"
"m26-najee-harris","1308","Najee Harris","LAC","RB","80","84","44","86","65","55","https://ratings-images-prod.pulse.ea.com/madden-nfl-26/portraits/1308.png?im=FaceCrop,padding=0.7","off"
"m26-nick-chubb","8846","Nick Chubb","HOU","RB","80","85","32","87","61","49","https://ratings-images-prod.pulse.ea.com/madden-nfl-26/portraits/8846.png?im=FaceCrop,padding=0.7","off"
"m26-parker-washington","2454","Parker Washington","JAX","WR","80","83","26","82","84","32","https://ratings-images-prod.pulse.ea.com/madden-nfl-26/portraits/2454.png?im=FaceCrop,padding=0.7","off"
"m26-quentin-johnston","2241","Quentin Johnston","LAC","WR","80","83","31","85","84","42","https://ratings-images-prod.pulse.ea.com/madden-nfl-26/portraits/2241.png?im=FaceCrop,padding=0.7","off"
"m26-ricky-pearsall","10206","Ricky Pearsall","SF","WR","80","84","53","80","85","38","https://ratings-images-prod.pulse.ea.com/madden-nfl-26/portraits/10206.png?im=FaceCrop,padding=0.7","off"
"m26-tyler-allgeier","1132","Tyler Allgeier","ATL","RB","80","86","30","89","58","53","https://ratings-images-prod.pulse.ea.com/madden-nfl-26/portraits/1132.png?im=FaceCrop,padding=0.7","off"
"m26-christian-watson","2013","Christian Watson","GB","WR","79","83","29","82","84","38","https://ratings-images-prod.pulse.ea.com/madden-nfl-26/portraits/2013.png?im=FaceCrop,padding=0.7","off"
"m26-deandre-hopkins","5873","DeAndre Hopkins","BAL","WR","79","82","28","79","83","48","https://ratings-images-prod.pulse.ea.com/madden-nfl-26/portraits/5873.png?im=FaceCrop,padding=0.7","off"
"m26-jayden-daniels","10048","Jayden Daniels","WAS","QB","79","83","85","74","32","13","https://ratings-images-prod.pulse.ea.com/madden-nfl-26/portraits/10048.png?im=FaceCrop,padding=0.7","off"
"m26-juwan-johnson","399","Juwan Johnson","NO","TE","79","75","38","81","78","61","https://ratings-images-prod.pulse.ea.com/madden-nfl-26/portraits/399.png?im=FaceCrop,padding=0.7","off"
"m26-kareem-hunt","8597","Kareem Hunt","KC","RB","79","84","32","86","67","58","https://ratings-images-prod.pulse.ea.com/madden-nfl-26/portraits/8597.png?im=FaceCrop,padding=0.7","off"
"m26-kenneth-gainwell","1300","Kenneth Gainwell","PIT","RB","79","84","45","86","69","44","https://ratings-images-prod.pulse.ea.com/madden-nfl-26/portraits/1300.png?im=FaceCrop,padding=0.7","off"
"m26-luther-burden-iii","10510","Luther Burden III","CHI","WR","79","81","22","82","82","38","https://ratings-images-prod.pulse.ea.com/madden-nfl-26/portraits/10510.png?im=FaceCrop,padding=0.7","off"
"m26-pat-freiermuth","1377","Pat Freiermuth","PIT","TE","79","76","36","77","79","62","https://ratings-images-prod.pulse.ea.com/madden-nfl-26/portraits/1377.png?im=FaceCrop,padding=0.7","off"
"m26-rashid-shaheed","4928","Rashid Shaheed","SEA","WR","79","81","30","80","82","35","https://ratings-images-prod.pulse.ea.com/madden-nfl-26/portraits/4928.png?im=FaceCrop,padding=0.7","off"
"m26-rj-harvey","10579","RJ Harvey","DEN","RB","79","84","61","86","67","44","https://ratings-images-prod.pulse.ea.com/madden-nfl-26/portraits/10579.png?im=FaceCrop,padding=0.7","off"
"m26-romeo-doubs","1471","Romeo Doubs","GB","WR","79","82","29","79","83","31","https://ratings-images-prod.pulse.ea.com/madden-nfl-26/portraits/1471.png?im=FaceCrop,padding=0.7","off"
"m26-tank-dell","2090","Tank Dell","HOU","WR","79","83","29","78","84","38","https://ratings-images-prod.pulse.ea.com/madden-nfl-26/portraits/2090.png?im=FaceCrop,padding=0.7","off"
"m26-troy-franklin","10077","Troy Franklin","DEN","WR","79","82","26","82","83","33","https://ratings-images-prod.pulse.ea.com/madden-nfl-26/portraits/10077.png?im=FaceCrop,padding=0.7","off"
"m26-tyrone-tracy-jr","10268","Tyrone Tracy Jr","NY Giants","RB","79","83","28","85","66","40","https://ratings-images-prod.pulse.ea.com/madden-nfl-26/portraits/10268.png?im=FaceCrop,padding=0.7","off"
"m26-woody-marks","10644","Woody Marks","HOU","RB","79","85","26","87","64","46","https://ratings-images-prod.pulse.ea.com/madden-nfl-26/portraits/10644.png?im=FaceCrop,padding=0.7","off"
"m26-xavier-worthy","10305","Xavier Worthy","KC","WR","79","82","59","81","83","29","https://ratings-images-prod.pulse.ea.com/madden-nfl-26/portraits/10305.png?im=FaceCrop,padding=0.7","off"
"m26-antonio-gibson","297","Antonio Gibson","NE","RB","78","83","44","85","74","50","https://ratings-images-prod.pulse.ea.com/madden-nfl-26/portraits/297.png?im=FaceCrop,padding=0.7","off"
"m26-blake-corum","10043","Blake Corum","LAR","RB","78","83","30","85","66","45","https://ratings-images-prod.pulse.ea.com/madden-nfl-26/portraits/10043.png?im=FaceCrop,padding=0.7","off"
"m26-brandin-cooks","6386","Brandin Cooks","BUF","WR","78","82","28","80","84","40","https://ratings-images-prod.pulse.ea.com/madden-nfl-26/portraits/6386.png?im=FaceCrop,padding=0.7","off"
"m26-brian-robinson-jr","1918","Brian Robinson Jr","SF","RB","78","84","33","86","56","46","https://ratings-images-prod.pulse.ea.com/madden-nfl-26/portraits/1918.png?im=FaceCrop,padding=0.7","off"
"m26-bryce-young","2638","Bryce Young","CAR","QB","78","83","85","73","31","14","https://ratings-images-prod.pulse.ea.com/madden-nfl-26/portraits/2638.png?im=FaceCrop,padding=0.7","off"
"m26-calvin-ridley","9038","Calvin Ridley","TEN","WR","78","80","35","80","81","40","https://ratings-images-prod.pulse.ea.com/madden-nfl-26/portraits/9038.png?im=FaceCrop,padding=0.7","off"
"m26-christian-kirk","8963","Christian Kirk","HOU","WR","78","82","45","79","84","39","https://ratings-images-prod.pulse.ea.com/madden-nfl-26/portraits/8963.png?im=FaceCrop,padding=0.7","off"
"m26-cole-kmet","711","Cole Kmet","CHI","TE","78","76","47","74","79","62","https://ratings-images-prod.pulse.ea.com/madden-nfl-26/portraits/711.png?im=FaceCrop,padding=0.7","off"
"m26-daniel-jones","9537","Daniel Jones","IND","QB","78","84","86","73","33","15","https://ratings-images-prod.pulse.ea.com/madden-nfl-26/portraits/9537.png?im=FaceCrop,padding=0.7","off"
"m26-darius-slayton","9631","Darius Slayton","NY Giants","WR","78","81","26","81","82","33","https://ratings-images-prod.pulse.ea.com/madden-nfl-26/portraits/9631.png?im=FaceCrop,padding=0.7","off"
"m26-evan-engram","8545","Evan Engram","DEN","TE","78","75","30","78","77","62","https://ratings-images-prod.pulse.ea.com/madden-nfl-26/portraits/8545.png?im=FaceCrop,padding=0.7","off"
"m26-jacory-croskey-merritt","11008","Jacory Croskey-Merritt","WAS","RB","78","84","28","87","58","43","https://ratings-images-prod.pulse.ea.com/madden-nfl-26/portraits/11008.png?im=FaceCrop,padding=0.7","off"
"m26-kyle-monangai","10666","Kyle Monangai","CHI","RB","78","84","30","86","58","46","https://ratings-images-prod.pulse.ea.com/madden-nfl-26/portraits/10666.png?im=FaceCrop,padding=0.7","off"
"m26-marquise-brown","9402","Marquise Brown","KC","WR","78","81","37","79","82","31","https://ratings-images-prod.pulse.ea.com/madden-nfl-26/portraits/9402.png?im=FaceCrop,padding=0.7","off"
"m26-marvin-mims-jr","2312","Marvin Mims Jr","DEN","WR","78","82","30","81","84","37","https://ratings-images-prod.pulse.ea.com/madden-nfl-26/portraits/2312.png?im=FaceCrop,padding=0.7","off"
"m26-matthew-golden","10562","Matthew Golden","GB","WR","78","82","46","80","83","38","https://ratings-images-prod.pulse.ea.com/madden-nfl-26/portraits/10562.png?im=FaceCrop,padding=0.7","off"
"m26-rachaad-white","2028","Rachaad White","TB","RB","78","84","29","86","70","48","https://ratings-images-prod.pulse.ea.com/madden-nfl-26/portraits/2028.png?im=FaceCrop,padding=0.7","off"
"m26-tre-tucker","2436","Tre Tucker","LV","WR","78","82","29","82","83","39","https://ratings-images-prod.pulse.ea.com/madden-nfl-26/portraits/2436.png?im=FaceCrop,padding=0.7","off"
"m26-zach-ertz","5790","Zach Ertz","WAS","TE","78","74","32","80","77","59","https://ratings-images-prod.pulse.ea.com/madden-nfl-26/portraits/5790.png?im=FaceCrop,padding=0.7","off"
"m26-brenton-strange","2415","Brenton Strange","JAX","TE","77","75","30","76","76","67","https://ratings-images-prod.pulse.ea.com/madden-nfl-26/portraits/2415.png?im=FaceCrop,padding=0.7","off"
"m26-c-j-stroud","2417","C.J. Stroud","HOU","QB","77","83","86","68","25","12","https://ratings-images-prod.pulse.ea.com/madden-nfl-26/portraits/2417.png?im=FaceCrop,padding=0.7","off"
"m26-darnell-mooney","469","Darnell Mooney","ATL","WR","77","81","25","80","82","41","https://ratings-images-prod.pulse.ea.com/madden-nfl-26/portraits/469.png?im=FaceCrop,padding=0.7","off"
"m26-demario-douglas","3083","DeMario Douglas","NE","WR","77","81","29","80","83","40","https://ratings-images-prod.pulse.ea.com/madden-nfl-26/portraits/3083.png?im=FaceCrop,padding=0.7","off"
"m26-elic-ayomanor","10481","Elic Ayomanor","TEN","WR","77","81","27","80","83","38","https://ratings-images-prod.pulse.ea.com/madden-nfl-26/portraits/10481.png?im=FaceCrop,padding=0.7","off"
"m26-jalen-nailor","1863","Jalen Nailor","MIN","WR","77","81","26","78","83","38","https://ratings-images-prod.pulse.ea.com/madden-nfl-26/portraits/1863.png?im=FaceCrop,padding=0.7","off"
"m26-jayden-higgins","10587","Jayden Higgins","HOU","WR","77","82","29","81","84","37","https://ratings-images-prod.pulse.ea.com/madden-nfl-26/portraits/10587.png?im=FaceCrop,padding=0.7","off"
"m26-jonnu-smith","8731","Jonnu Smith","PIT","TE","77","75","25","78","79","60","https://ratings-images-prod.pulse.ea.com/madden-nfl-26/portraits/8731.png?im=FaceCrop,padding=0.7","off"
"m26-juju-smith-schuster","8729","JuJu Smith-Schuster","KC","WR","77","81","34","81","82","47","https://ratings-images-prod.pulse.ea.com/madden-nfl-26/portraits/8729.png?im=FaceCrop,padding=0.7","off"
"m26-justice-hill","9501","Justice Hill","BAL","RB","77","82","29","84","68","41","https://ratings-images-prod.pulse.ea.com/madden-nfl-26/portraits/9501.png?im=FaceCrop,padding=0.7","off"
"m26-kendrick-bourne","9146","Kendrick Bourne","SF","WR","77","81","43","81","82","52","https://ratings-images-prod.pulse.ea.com/madden-nfl-26/portraits/9146.png?im=FaceCrop,padding=0.7","off"
"m26-kimani-vidal","10280","Kimani Vidal","LAC","RB","77","83","30","85","65","40","https://ratings-images-prod.pulse.ea.com/madden-nfl-26/portraits/10280.png?im=FaceCrop,padding=0.7","off"
"m26-mack-hollins","8590","Mack Hollins","NE","WR","77","82","32","80","84","58","https://ratings-images-prod.pulse.ea.com/madden-nfl-26/portraits/8590.png?im=FaceCrop,padding=0.7","off"
"m26-mike-gesicki","8900","Mike Gesicki","CIN","TE","77","74","32","76","78","58","https://ratings-images-prod.pulse.ea.com/madden-nfl-26/portraits/8900.png?im=FaceCrop,padding=0.7","off"
"m26-rashod-bateman","1236","Rashod Bateman","BAL","WR","77","81","27","80","82","40","https://ratings-images-prod.pulse.ea.com/madden-nfl-26/portraits/1236.png?im=FaceCrop,padding=0.7","off"
"m26-rhamondre-stevenson","1146","Rhamondre Stevenson","NE","RB","77","83","33","85","63","59","https://ratings-images-prod.pulse.ea.com/madden-nfl-26/portraits/1146.png?im=FaceCrop,padding=0.7","off"
"m26-tank-bigsby","2539","Tank Bigsby","PHI","RB","77","83","30","86","59","44","https://ratings-images-prod.pulse.ea.com/madden-nfl-26/portraits/2539.png?im=FaceCrop,padding=0.7","off"
"m26-theo-johnson","10130","Theo Johnson","NY Giants","TE","77","74","31","78","76","61","https://ratings-images-prod.pulse.ea.com/madden-nfl-26/portraits/10130.png?im=FaceCrop,padding=0.7","off"
"m26-trey-benson","10011","Trey Benson","ARI","RB","77","83","31","86","66","49","https://ratings-images-prod.pulse.ea.com/madden-nfl-26/portraits/10011.png?im=FaceCrop,padding=0.7","off"
"m26-tyjae-spears","2405","Tyjae Spears","TEN","RB","77","83","29","85","66","53","https://ratings-images-prod.pulse.ea.com/madden-nfl-26/portraits/2405.png?im=FaceCrop,padding=0.7","off"
"m26-tyler-shough","10796","Tyler Shough","NO","QB","77","84","87","74","36","16","https://ratings-images-prod.pulse.ea.com/madden-nfl-26/portraits/10796.png?im=FaceCrop,padding=0.7","off"
"m26-austin-ekeler","9179","Austin Ekeler","WAS","RB","76","80","32","82","75","46","https://ratings-images-prod.pulse.ea.com/madden-nfl-26/portraits/9179.png?im=FaceCrop,padding=0.7","off"
"m26-bhayshul-tuten","10762","Bhayshul Tuten","JAX","RB","76","80","28","82","63","43","https://ratings-images-prod.pulse.ea.com/madden-nfl-26/portraits/10762.png?im=FaceCrop,padding=0.7","off"
"m26-calvin-austin","1150","Calvin Austin","PIT","WR","76","79","38","79","80","36","https://ratings-images-prod.pulse.ea.com/madden-nfl-26/portraits/1150.png?im=FaceCrop,padding=0.7","off"
"m26-chigoziem-okonkwo","1869","Chigoziem Okonkwo","TEN","TE","76","74","24","77","77","61","https://ratings-images-prod.pulse.ea.com/madden-nfl-26/portraits/1869.png?im=FaceCrop,padding=0.7","off"
"m26-darnell-washington","2453","Darnell Washington","PIT","TE","76","72","27","74","71","70","https://ratings-images-prod.pulse.ea.com/madden-nfl-26/portraits/2453.png?im=FaceCrop,padding=0.7","off"
"m26-dawson-knox","9546","Dawson Knox","BUF","TE","76","73","37","72","75","64","https://ratings-images-prod.pulse.ea.com/madden-nfl-26/portraits/9546.png?im=FaceCrop,padding=0.7","off"
"m26-demarcus-robinson","8198","Demarcus Robinson","SF","WR","76","80","30","80","82","47","https://ratings-images-prod.pulse.ea.com/madden-nfl-26/portraits/8198.png?im=FaceCrop,padding=0.7","off"
"m26-devin-singletary","9629","Devin Singletary","NY Giants","RB","76","81","28","83","63","47","https://ratings-images-prod.pulse.ea.com/madden-nfl-26/portraits/9629.png?im=FaceCrop,padding=0.7","off"
"m26-dontayvion-wicks","2476","Dontayvion Wicks","GB","WR","76","80","50","79","82","33","https://ratings-images-prod.pulse.ea.com/madden-nfl-26/portraits/2476.png?im=FaceCrop,padding=0.7","off"
"m26-isiah-pacheco","1875","Isiah Pacheco","KC","RB","76","82","39","85","64","44","https://ratings-images-prod.pulse.ea.com/madden-nfl-26/portraits/1875.png?im=FaceCrop,padding=0.7","off"
"m26-jaxson-dart","10533","Jaxson Dart","NY Giants","QB","76","82","85","76","37","28","https://ratings-images-prod.pulse.ea.com/madden-nfl-26/portraits/10533.png?im=FaceCrop,padding=0.7","off"
"m26-jonathon-brooks","10022","Jonathon Brooks","CAR","RB","76","81","27","83","63","43","https://ratings-images-prod.pulse.ea.com/madden-nfl-26/portraits/10022.png?im=FaceCrop,padding=0.7","off"
"m26-joshua-palmer","1248","Joshua Palmer","BUF","WR","76","80","30","81","82","33","https://ratings-images-prod.pulse.ea.com/madden-nfl-26/portraits/1248.png?im=FaceCrop,padding=0.7","off"
"m26-kavontae-turpin","10451","KaVontae Turpin","DAL","WR","76","77","41","82","77","26","https://ratings-images-prod.pulse.ea.com/madden-nfl-26/portraits/10451.png?im=FaceCrop,padding=0.7","off"
"m26-kendre-miller","2310","Kendre Miller","NO","RB","76","83","38","86","57","43","https://ratings-images-prod.pulse.ea.com/madden-nfl-26/portraits/2310.png?im=FaceCrop,padding=0.7","off"
"m26-philip-rivers","6298","Philip Rivers","IND","QB","76","81","83","60","20","13","https://ratings-images-prod.pulse.ea.com/madden-nfl-26/portraits/6298.png?im=FaceCrop,padding=0.7","off"
"m26-rondale-moore","1264","Rondale Moore","MIN","WR","76","79","44","79","80","39","https://ratings-images-prod.pulse.ea.com/madden-nfl-26/portraits/1264.png?im=FaceCrop,padding=0.7","off"
"m26-ryan-flournoy","10074","Ryan Flournoy","DAL","WR","76","81","30","80","83","43","https://ratings-images-prod.pulse.ea.com/madden-nfl-26/portraits/10074.png?im=FaceCrop,padding=0.7","off"
"m26-samaje-perine","8685","Samaje Perine","CIN","RB","76","82","34","84","63","58","https://ratings-images-prod.pulse.ea.com/madden-nfl-26/portraits/8685.png?im=FaceCrop,padding=0.7","off"
"m26-sterling-shepard","8213","Sterling Shepard","TB","WR","76","80","32","80","81","47","https://ratings-images-prod.pulse.ea.com/madden-nfl-26/portraits/8213.png?im=FaceCrop,padding=0.7","off"
"m26-tim-patrick","9263","Tim Patrick","JAX","WR","76","81","32","78","83","48","https://ratings-images-prod.pulse.ea.com/madden-nfl-26/portraits/9263.png?im=FaceCrop,padding=0.7","off"
"m26-a-j-barner","10005","A.J. Barner","SEA","TE","75","73","27","73","76","61","https://ratings-images-prod.pulse.ea.com/madden-nfl-26/portraits/10005.png?im=FaceCrop,padding=0.7","off"
"m26-a-j-dillon","716","A.J. Dillon","PHI","RB","75","81","29","84","57","59","https://ratings-images-prod.pulse.ea.com/madden-nfl-26/portraits/716.png?im=FaceCrop,padding=0.7","off"
"m26-adam-thielen","6913","Adam Thielen","PIT","WR","75","80","48","79","82","42","https://ratings-images-prod.pulse.ea.com/madden-nfl-26/portraits/6913.png?im=FaceCrop,padding=0.7","off"
"m26-adonai-mitchell","10183","Adonai Mitchell","NY Jets","WR","75","79","37","78","80","37","https://ratings-images-prod.pulse.ea.com/madden-nfl-26/portraits/10183.png?im=FaceCrop,padding=0.7","off"
"m26-alexander-mattison","9562","Alexander Mattison","MIA","RB","75","82","29","85","62","47","https://ratings-images-prod.pulse.ea.com/madden-nfl-26/portraits/9562.png?im=FaceCrop,padding=0.7","off"
"m26-c-j-ham","9195","C.J. Ham","MIN","RB","75","75","34","75","62","69","https://ratings-images-prod.pulse.ea.com/madden-nfl-26/portraits/9195.png?im=FaceCrop,padding=0.7","off"
"m26-cade-otton","1872","Cade Otton","TB","TE","75","74","32","73","76","64","https://ratings-images-prod.pulse.ea.com/madden-nfl-26/portraits/1872.png?im=FaceCrop,padding=0.7","off"
"m26-dyami-brown","1349","Dyami Brown","JAX","WR","75","80","47","80","82","34","https://ratings-images-prod.pulse.ea.com/madden-nfl-26/portraits/1349.png?im=FaceCrop,padding=0.7","off"
"m26-dylan-sampson","10716","Dylan Sampson","CLE","RB","75","81","31","84","64","45","https://ratings-images-prod.pulse.ea.com/madden-nfl-26/portraits/10716.png?im=FaceCrop,padding=0.7","off"
"m26-isaiah-likely","1807","Isaiah Likely","BAL","TE","75","74","26","72","78","59","https://ratings-images-prod.pulse.ea.com/madden-nfl-26/portraits/1807.png?im=FaceCrop,padding=0.7","off"
"m26-jacoby-brissett","7911","Jacoby Brissett","ARI","QB","75","82","85","71","29","17","https://ratings-images-prod.pulse.ea.com/madden-nfl-26/portraits/7911.png?im=FaceCrop,padding=0.7","off"
"m26-jalen-coker","10036","Jalen Coker","CAR","WR","75","81","47","80","84","44","https://ratings-images-prod.pulse.ea.com/madden-nfl-26/portraits/10036.png?im=FaceCrop,padding=0.7","off"
"m26-jerome-ford","1604","Jerome Ford","CLE","RB","75","81","32","84","63","49","https://ratings-images-prod.pulse.ea.com/madden-nfl-26/portraits/1604.png?im=FaceCrop,padding=0.7","off"
"m26-josh-reynolds","8700","Josh Reynolds","NY Jets","WR","75","81","33","81","83","46","https://ratings-images-prod.pulse.ea.com/madden-nfl-26/portraits/8700.png?im=FaceCrop,padding=0.7","off"
"m26-kalif-raymond","8402","Kalif Raymond","DET","WR","75","79","29","80","81","40","https://ratings-images-prod.pulse.ea.com/madden-nfl-26/portraits/8402.png?im=FaceCrop,padding=0.7","off"
"m26-keaton-mitchell","4736","Keaton Mitchell","BAL","RB","75","81","33","84","67","44","https://ratings-images-prod.pulse.ea.com/madden-nfl-26/portraits/4736.png?im=FaceCrop,padding=0.7","off"
"m26-keon-coleman","10038","Keon Coleman","BUF","WR","75","80","57","78","82","47","https://ratings-images-prod.pulse.ea.com/madden-nfl-26/portraits/10038.png?im=FaceCrop,padding=0.7","off"
"m26-kyler-murray","9583","Kyler Murray","ARI","QB","75","80","82","73","36","13","https://ratings-images-prod.pulse.ea.com/madden-nfl-26/portraits/9583.png?im=FaceCrop,padding=0.7","off"
"m26-noah-brown","8492","Noah Brown","WAS","WR","75","80","35","78","82","57","https://ratings-images-prod.pulse.ea.com/madden-nfl-26/portraits/8492.png?im=FaceCrop,padding=0.7","off"
"m26-oronde-gadsden","10558","Oronde Gadsden","LAC","TE","75","73","35","76","77","55","https://ratings-images-prod.pulse.ea.com/madden-nfl-26/portraits/10558.png?im=FaceCrop,padding=0.7","off"
"m26-raheem-mostert","7768","Raheem Mostert","LV","RB","75","81","37","83","65","54","https://ratings-images-prod.pulse.ea.com/madden-nfl-26/portraits/7768.png?im=FaceCrop,padding=0.7","off"
"m26-ray-davis","10051","Ray Davis","BUF","RB","75","82","38","85","66","44","https://ratings-images-prod.pulse.ea.com/madden-nfl-26/portraits/10051.png?im=FaceCrop,padding=0.7","off"
"m26-tory-horton","10594","Tory Horton","SEA","WR","75","79","32","79","81","39","https://ratings-images-prod.pulse.ea.com/madden-nfl-26/portraits/10594.png?im=FaceCrop,padding=0.7","off"
"m26-tutu-atwell","1315","Tutu Atwell","LAR","WR","75","79","63","76","81","28","https://ratings-images-prod.pulse.ea.com/madden-nfl-26/portraits/1315.png?im=FaceCrop,padding=0.7","off"
"m26-tyler-lockett","7214","Tyler Lockett","LV","WR","75","80","27","78","82","39","https://ratings-images-prod.pulse.ea.com/madden-nfl-26/portraits/7214.png?im=FaceCrop,padding=0.7","off"
"m26-tyquan-thornton","1985","Tyquan Thornton","KC","WR","75","81","43","79","83","34","https://ratings-images-prod.pulse.ea.com/madden-nfl-26/portraits/1985.png?im=FaceCrop,padding=0.7","off"
"m26-zay-jones","8611","Zay Jones","ARI","WR","75","79","40","79","81","50","https://ratings-images-prod.pulse.ea.com/madden-nfl-26/portraits/8611.png?im=FaceCrop,padding=0.7","off"
"m26-alec-ingold","9514","Alec Ingold","MIA","RB","74","72","55","71","64","67","https://ratings-images-prod.pulse.ea.com/madden-nfl-26/portraits/9514.png?im=FaceCrop,padding=0.7","off"
"m26-austin-hooper","8057","Austin Hooper","NE","TE","74","72","26","75","74","61","https://ratings-images-prod.pulse.ea.com/madden-nfl-26/portraits/8057.png?im=FaceCrop,padding=0.7","off"
"m26-cedric-tillman","2426","Cedric Tillman","CLE","WR","74","79","29","80","81","43","https://ratings-images-prod.pulse.ea.com/madden-nfl-26/portraits/2426.png?im=FaceCrop,padding=0.7","off"
"m26-chimere-dike","10535","Chimere Dike","TEN","WR","74","79","24","79","81","39","https://ratings-images-prod.pulse.ea.com/madden-nfl-26/portraits/10535.png?im=FaceCrop,padding=0.7","off"
"m26-curtis-samuel","8716","Curtis Samuel","BUF","WR","74","78","26","79","80","39","https://ratings-images-prod.pulse.ea.com/madden-nfl-26/portraits/8716.png?im=FaceCrop,padding=0.7","off"
"m26-dameon-pierce","1891","Dameon Pierce","KC","RB","74","80","27","83","62","51","https://ratings-images-prod.pulse.ea.com/madden-nfl-26/portraits/1891.png?im=FaceCrop,padding=0.7","off"
"m26-devaughn-vele","10278","Devaughn Vele","NO","WR","74","80","44","77","82","34","https://ratings-images-prod.pulse.ea.com/madden-nfl-26/portraits/10278.png?im=FaceCrop,padding=0.7","off"
"m26-devin-duvernay","265","Devin Duvernay","CHI","WR","74","80","42","82","82","39","https://ratings-images-prod.pulse.ea.com/madden-nfl-26/portraits/265.png?im=FaceCrop,padding=0.7","off"
"m26-greg-dortch","9442","Greg Dortch","ARI","WR","74","78","36","77","80","31","https://ratings-images-prod.pulse.ea.com/madden-nfl-26/portraits/9442.png?im=FaceCrop,padding=0.7","off"
"m26-jahan-dotson","1470","Jahan Dotson","PHI","WR","74","79","47","79","81","33","https://ratings-images-prod.pulse.ea.com/madden-nfl-26/portraits/1470.png?im=FaceCrop,padding=0.7","off"
"m26-jalen-mcmillan","10176","Jalen McMillan","TB","WR","74","78","28","80","80","36","https://ratings-images-prod.pulse.ea.com/madden-nfl-26/portraits/10176.png?im=FaceCrop,padding=0.7","off"
"m26-jalen-tolbert","1987","Jalen Tolbert","DAL","WR","74","79","31","80","81","35","https://ratings-images-prod.pulse.ea.com/madden-nfl-26/portraits/1987.png?im=FaceCrop,padding=0.7","off"
"m26-jaylin-lane","10633","Jaylin Lane","WAS","WR","74","78","52","80","80","33","https://ratings-images-prod.pulse.ea.com/madden-nfl-26/portraits/10633.png?im=FaceCrop,padding=0.7","off"
"m26-kaleb-johnson","10612","Kaleb Johnson","PIT","RB","74","80","24","82","62","45","https://ratings-images-prod.pulse.ea.com/madden-nfl-26/portraits/10612.png?im=FaceCrop,padding=0.7","off"
"m26-khalil-herbert","1245","Khalil Herbert","NY Jets","RB","74","81","32","84","60","49","https://ratings-images-prod.pulse.ea.com/madden-nfl-26/portraits/1245.png?im=FaceCrop,padding=0.7","off"
"m26-mac-jones","1371","Mac Jones","SF","QB","74","81","84","66","28","23","https://ratings-images-prod.pulse.ea.com/madden-nfl-26/portraits/1371.png?im=FaceCrop,padding=0.7","off"
"m26-marquez-valdes-scantling","9091","Marquez Valdes-Scantling","PIT","WR","74","79","27","78","81","41","https://ratings-images-prod.pulse.ea.com/madden-nfl-26/portraits/9091.png?im=FaceCrop,padding=0.7","off"
"m26-mason-taylor","10750","Mason Taylor","NY Jets","TE","74","73","24","74","77","59","https://ratings-images-prod.pulse.ea.com/madden-nfl-26/portraits/10750.png?im=FaceCrop,padding=0.7","off"
"m26-miles-sanders","9619","Miles Sanders","DAL","RB","74","80","35","82","64","44","https://ratings-images-prod.pulse.ea.com/madden-nfl-26/portraits/9619.png?im=FaceCrop,padding=0.7","off"
"m26-nick-westbrook-ikhine","1539","Nick Westbrook-Ikhine","MIA","WR","74","80","30","80","82","45","https://ratings-images-prod.pulse.ea.com/madden-nfl-26/portraits/1539.png?im=FaceCrop,padding=0.7","off"
"m26-noah-gray","1085","Noah Gray","KC","TE","74","73","47","76","76","61","https://ratings-images-prod.pulse.ea.com/madden-nfl-26/portraits/1085.png?im=FaceCrop,padding=0.7","off"
"m26-taysom-hill","9202","Taysom Hill","NO","TE","74","72","79","81","74","60","https://ratings-images-prod.pulse.ea.com/madden-nfl-26/portraits/9202.png?im=FaceCrop,padding=0.7","off"
"m26-tua-tagovailoa","600","Tua Tagovailoa","MIA","QB","74","82","85","73","30","19","https://ratings-images-prod.pulse.ea.com/madden-nfl-26/portraits/600.png?im=FaceCrop,padding=0.7","off"
"m26-ty-johnson","136","Ty Johnson","BUF","RB","74","82","28","85","64","41","https://ratings-images-prod.pulse.ea.com/madden-nfl-26/portraits/136.png?im=FaceCrop,padding=0.7","off"
"m26-xavier-legette","10156","Xavier Legette","CAR","WR","74","78","44","80","80","50","https://ratings-images-prod.pulse.ea.com/madden-nfl-26/portraits/10156.png?im=FaceCrop,padding=0.7","off"
"m26-andrei-iosivas","2229","Andrei Iosivas","CIN","WR","73","78","30","80","80","28","https://ratings-images-prod.pulse.ea.com/madden-nfl-26/portraits/2229.png?im=FaceCrop,padding=0.7","off"
"m26-brashard-smith","10735","Brashard Smith","KC","RB","73","79","28","82","68","42","https://ratings-images-prod.pulse.ea.com/madden-nfl-26/portraits/10735.png?im=FaceCrop,padding=0.7","off"
"m26-cam-ward","10768","Cam Ward","TEN","QB","73","79","82","69","40","29","https://ratings-images-prod.pulse.ea.com/madden-nfl-26/portraits/10768.png?im=FaceCrop,padding=0.7","off"
"m26-colby-parkinson","504","Colby Parkinson","LAR","TE","73","73","25","73","76","63","https://ratings-images-prod.pulse.ea.com/madden-nfl-26/portraits/504.png?im=FaceCrop,padding=0.7","off"
"m26-emanuel-wilson","6056","Emanuel Wilson","GB","RB","73","81","37","84","66","53","https://ratings-images-prod.pulse.ea.com/madden-nfl-26/portraits/6056.png?im=FaceCrop,padding=0.7","off"
"m26-gabe-davis","238","Gabe Davis","BUF","WR","73","78","27","77","80","47","https://ratings-images-prod.pulse.ea.com/madden-nfl-26/portraits/238.png?im=FaceCrop,padding=0.7","off"
"m26-isaac-guerendo","10091","Isaac Guerendo","SF","RB","73","80","28","83","66","44","https://ratings-images-prod.pulse.ea.com/madden-nfl-26/portraits/10091.png?im=FaceCrop,padding=0.7","off"
"m26-isaac-teslaa","10752","Isaac TeSlaa","DET","WR","73","78","59","77","80","36","https://ratings-images-prod.pulse.ea.com/madden-nfl-26/portraits/10752.png?im=FaceCrop,padding=0.7","off"
"m26-ja-lynn-polk","10210","Ja'Lynn Polk","NO","WR","73","79","31","78","81","40","https://ratings-images-prod.pulse.ea.com/madden-nfl-26/portraits/10210.png?im=FaceCrop,padding=0.7","off"
"m26-jaydon-blue","10493","Jaydon Blue","DAL","RB","73","79","31","81","69","45","https://ratings-images-prod.pulse.ea.com/madden-nfl-26/portraits/10493.png?im=FaceCrop,padding=0.7","off"
"m26-jaylen-wright","10306","Jaylen Wright","MIA","RB","73","79","29","82","62","50","https://ratings-images-prod.pulse.ea.com/madden-nfl-26/portraits/10306.png?im=FaceCrop,padding=0.7","off"
"m26-jaylin-noel","10680","Jaylin Noel","HOU","WR","73","79","65","77","81","41","https://ratings-images-prod.pulse.ea.com/madden-nfl-26/portraits/10680.png?im=FaceCrop,padding=0.7","off"
"m26-jeremy-mcnichols","8662","Jeremy McNichols","WAS","RB","73","81","37","85","65","48","https://ratings-images-prod.pulse.ea.com/madden-nfl-26/portraits/8662.png?im=FaceCrop,padding=0.7","off"
"m26-joe-flacco","1115","Joe Flacco","CIN","QB","73","81","84","62","25","15","https://ratings-images-prod.pulse.ea.com/madden-nfl-26/portraits/1115.png?im=FaceCrop,padding=0.7","off"
"m26-john-metchie-iii","1851","John Metchie III","NY Jets","WR","73","77","25","80","79","40","https://ratings-images-prod.pulse.ea.com/madden-nfl-26/portraits/1851.png?im=FaceCrop,padding=0.7","off"
"m26-josh-oliver","9590","Josh Oliver","MIN","TE","73","72","24","73","74","66","https://ratings-images-prod.pulse.ea.com/madden-nfl-26/portraits/9590.png?im=FaceCrop,padding=0.7","off"
"m26-justin-watson","9355","Justin Watson","HOU","WR","73","79","26","79","81","43","https://ratings-images-prod.pulse.ea.com/madden-nfl-26/portraits/9355.png?im=FaceCrop,padding=0.7","off"
"m26-kirk-cousins","5117","Kirk Cousins","ATL","QB","73","79","82","62","25","14","https://ratings-images-prod.pulse.ea.com/madden-nfl-26/portraits/5117.png?im=FaceCrop,padding=0.7","off"
"m26-kyle-williams","10781","Kyle Williams","NE","WR","73","78","53","79","80","37","https://ratings-images-prod.pulse.ea.com/madden-nfl-26/portraits/10781.png?im=FaceCrop,padding=0.7","off"
"m26-malik-davis","2706","Malik Davis","DAL","RB","73","80","29","83","67","43","https://ratings-images-prod.pulse.ea.com/madden-nfl-26/portraits/2706.png?im=FaceCrop,padding=0.7","off"
"m26-malik-washington","10285","Malik Washington","MIA","WR","73","78","39","77","80","32","https://ratings-images-prod.pulse.ea.com/madden-nfl-26/portraits/10285.png?im=FaceCrop,padding=0.7","off"
"m26-noah-fant","9452","Noah Fant","CIN","TE","73","72","28","75","75","59","https://ratings-images-prod.pulse.ea.com/madden-nfl-26/portraits/9452.png?im=FaceCrop,padding=0.7","off"
"m26-olamide-zaccheaus","688","Olamide Zaccheaus","CHI","WR","73","79","29","79","81","40","https://ratings-images-prod.pulse.ea.com/madden-nfl-26/portraits/688.png?im=FaceCrop,padding=0.7","off"
"m26-ollie-gordon-ii","10563","Ollie Gordon II","MIA","RB","73","81","46","84","62","46","https://ratings-images-prod.pulse.ea.com/madden-nfl-26/portraits/10563.png?im=FaceCrop,padding=0.7","off"
"m26-robbie-ouzts","10685","Robbie Ouzts","SEA","RB","73","70","29","68","67","60","https://ratings-images-prod.pulse.ea.com/madden-nfl-26/portraits/10685.png?im=FaceCrop,padding=0.7","off"
"m26-tez-johnson","10613","Tez Johnson","TB","WR","73","77","55","76","79","35","https://ratings-images-prod.pulse.ea.com/madden-nfl-26/portraits/10613.png?im=FaceCrop,padding=0.7","off"
"m26-tre-harris","10578","Tre' Harris","LAC","WR","73","78","56","78","80","35","https://ratings-images-prod.pulse.ea.com/madden-nfl-26/portraits/10578.png?im=FaceCrop,padding=0.7","off"
"m26-treylon-burks","1226","Treylon Burks","WAS","WR","73","77","45","79","79","40","https://ratings-images-prod.pulse.ea.com/madden-nfl-26/portraits/1226.png?im=FaceCrop,padding=0.7","off"
"m26-ty-chandler","1267","Ty Chandler","MIN","RB","73","81","32","85","65","46","https://ratings-images-prod.pulse.ea.com/madden-nfl-26/portraits/1267.png?im=FaceCrop,padding=0.7","off"
"m26-tyler-higbee","8050","Tyler Higbee","LAR","TE","73","72","30","76","75","62","https://ratings-images-prod.pulse.ea.com/madden-nfl-26/portraits/8050.png?im=FaceCrop,padding=0.7","off"
"m26-will-dissly","8871","Will Dissly","LAC","TE","73","73","29","75","74","68","https://ratings-images-prod.pulse.ea.com/madden-nfl-26/portraits/8871.png?im=FaceCrop,padding=0.7","off"
"m26-xavier-hutchinson","4419","Xavier Hutchinson","HOU","WR","73","79","53","78","81","36","https://ratings-images-prod.pulse.ea.com/madden-nfl-26/portraits/4419.png?im=FaceCrop,padding=0.7","off"
"m26-zamir-white","2030","Zamir White","LV","RB","73","81","30","85","56","46","https://ratings-images-prod.pulse.ea.com/madden-nfl-26/portraits/2030.png?im=FaceCrop,padding=0.7","off"
"m26-ameer-abdullah","6981","Ameer Abdullah","IND","RB","72","78","36","81","65","46","https://ratings-images-prod.pulse.ea.com/madden-nfl-26/portraits/6981.png?im=FaceCrop,padding=0.7","off"
"m26-ashton-dulin","9444","Ashton Dulin","IND","WR","72","77","32","79","79","38","https://ratings-images-prod.pulse.ea.com/madden-nfl-26/portraits/9444.png?im=FaceCrop,padding=0.7","off"
"m26-bo-melton","1850","Bo Melton","GB","WR","72","77","29","77","79","39","https://ratings-images-prod.pulse.ea.com/madden-nfl-26/portraits/1850.png?im=FaceCrop,padding=0.7","off"
"m26-braelon-allen","9996","Braelon Allen","NY Jets","RB","72","80","41","83","62","51","https://ratings-images-prod.pulse.ea.com/madden-nfl-26/portraits/9996.png?im=FaceCrop,padding=0.7","off"
"m26-braxton-berrios","8820","Braxton Berrios","HOU","WR","72","78","23","77","80","35","https://ratings-images-prod.pulse.ea.com/madden-nfl-26/portraits/8820.png?im=FaceCrop,padding=0.7","off"
"m26-chase-edmonds","8873","Chase Edmonds","WAS","RB","72","79","29","82","70","41","https://ratings-images-prod.pulse.ea.com/madden-nfl-26/portraits/8873.png?im=FaceCrop,padding=0.7","off"
"m26-chris-moore","8153","Chris Moore","WAS","WR","72","78","28","78","81","46","https://ratings-images-prod.pulse.ea.com/madden-nfl-26/portraits/8153.png?im=FaceCrop,padding=0.7","off"
"m26-chris-rodriguez-jr","4910","Chris Rodriguez Jr","WAS","RB","72","81","31","85","57","51","https://ratings-images-prod.pulse.ea.com/madden-nfl-26/portraits/4910.png?im=FaceCrop,padding=0.7","off"
"m26-devin-neal","10676","Devin Neal","NO","RB","72","79","41","82","63","45","https://ratings-images-prod.pulse.ea.com/madden-nfl-26/portraits/10676.png?im=FaceCrop,padding=0.7","off"
"m26-foster-moreau","9579","Foster Moreau","NO","TE","72","71","27","73","74","62","https://ratings-images-prod.pulse.ea.com/madden-nfl-26/portraits/9579.png?im=FaceCrop,padding=0.7","off"
"m26-hunter-luepke","2291","Hunter Luepke","DAL","RB","72","72","41","72","71","59","https://ratings-images-prod.pulse.ea.com/madden-nfl-26/portraits/2291.png?im=FaceCrop,padding=0.7","off"
"m26-jack-bech","10872","Jack Bech","LV","WR","72","78","31","77","80","39","https://ratings-images-prod.pulse.ea.com/madden-nfl-26/portraits/10872.png?im=FaceCrop,padding=0.7","off"
"m26-jack-westover","10291","Jack Westover","NE","RB","72","70","30","69","68","64","https://ratings-images-prod.pulse.ea.com/madden-nfl-26/portraits/10291.png?im=FaceCrop,padding=0.7","off"
"m26-jake-tonges","10469","Jake Tonges","SF","TE","72","71","41","72","75","59","https://ratings-images-prod.pulse.ea.com/madden-nfl-26/portraits/10469.png?im=FaceCrop,padding=0.7","off"
"m26-jarquez-hunter","10598","Jarquez Hunter","LAR","RB","72","81","44","85","60","44","https://ratings-images-prod.pulse.ea.com/madden-nfl-26/portraits/10598.png?im=FaceCrop,padding=0.7","off"
"m26-jordan-whittington","10292","Jordan Whittington","LAR","WR","72","77","28","79","79","43","https://ratings-images-prod.pulse.ea.com/madden-nfl-26/portraits/10292.png?im=FaceCrop,padding=0.7","off"
"m26-jordan-james","10609","Jordan James","SF","RB","72","79","26","82","62","41","https://ratings-images-prod.pulse.ea.com/madden-nfl-26/portraits/10609.png?im=FaceCrop,padding=0.7","off"
"m26-justin-fields","1366","Justin Fields","NY Jets","QB","72","79","82","73","31","23","https://ratings-images-prod.pulse.ea.com/madden-nfl-26/portraits/1366.png?im=FaceCrop,padding=0.7","off"
"m26-luke-mccaffrey","10166","Luke McCaffrey","WAS","WR","72","78","54","76","81","33","https://ratings-images-prod.pulse.ea.com/madden-nfl-26/portraits/10166.png?im=FaceCrop,padding=0.7","off"
"m26-marcus-mariota","6979","Marcus Mariota","WAS","QB","72","79","82","75","46","24","https://ratings-images-prod.pulse.ea.com/madden-nfl-26/portraits/6979.png?im=FaceCrop,padding=0.7","off"
"m26-marshawn-lloyd","10161","MarShawn Lloyd","GB","RB","72","79","29","82","62","41","https://ratings-images-prod.pulse.ea.com/madden-nfl-26/portraits/10161.png?im=FaceCrop,padding=0.7","off"
"m26-michael-mayer","2299","Michael Mayer","LV","TE","72","71","24","71","74","62","https://ratings-images-prod.pulse.ea.com/madden-nfl-26/portraits/2299.png?im=FaceCrop,padding=0.7","off"
"m26-michael-penix-jr","10207","Michael Penix Jr","ATL","QB","72","80","84","69","29","14","https://ratings-images-prod.pulse.ea.com/madden-nfl-26/portraits/10207.png?im=FaceCrop,padding=0.7","off"
"m26-pat-bryant-ii","10507","Pat Bryant II","DEN","WR","72","78","25","79","80","39","https://ratings-images-prod.pulse.ea.com/madden-nfl-26/portraits/10507.png?im=FaceCrop,padding=0.7","off"
"m26-skyy-moore","1858","Skyy Moore","SF","WR","72","76","48","79","78","38","https://ratings-images-prod.pulse.ea.com/madden-nfl-26/portraits/1858.png?im=FaceCrop,padding=0.7","off"
"m26-tommy-tremble","1376","Tommy Tremble","CAR","TE","72","71","26","73","74","60","https://ratings-images-prod.pulse.ea.com/madden-nfl-26/portraits/1376.png?im=FaceCrop,padding=0.7","off"
"m26-tyler-conklin","8852","Tyler Conklin","LAC","TE","72","71","29","76","74","61","https://ratings-images-prod.pulse.ea.com/madden-nfl-26/portraits/8852.png?im=FaceCrop,padding=0.7","off"
"m26-van-jefferson","386","Van Jefferson","TEN","WR","72","78","38","78","80","37","https://ratings-images-prod.pulse.ea.com/madden-nfl-26/portraits/386.png?im=FaceCrop,padding=0.7","off"
"m26-will-shipley","10244","Will Shipley","PHI","RB","72","78","35","81","65","39","https://ratings-images-prod.pulse.ea.com/madden-nfl-26/portraits/10244.png?im=FaceCrop,padding=0.7","off"
"m26-adam-trautman","622","Adam Trautman","DEN","TE","71","72","60","72","74","65","https://ratings-images-prod.pulse.ea.com/madden-nfl-26/portraits/622.png?im=FaceCrop,padding=0.7","off"
"m26-cedrick-wilson-jr","9119","Cedrick Wilson Jr","MIA","WR","71","77","60","76","80","34","https://ratings-images-prod.pulse.ea.com/madden-nfl-26/portraits/9119.png?im=FaceCrop,padding=0.7","off"
"m26-chris-manhertz","8375","Chris Manhertz","NY Giants","TE","71","68","23","68","65","69","https://ratings-images-prod.pulse.ea.com/madden-nfl-26/portraits/8375.png?im=FaceCrop,padding=0.7","off"
"m26-daniel-bellinger","1168","Daniel Bellinger","NY Giants","TE","71","70","25","73","73","62","https://ratings-images-prod.pulse.ea.com/madden-nfl-26/portraits/1168.png?im=FaceCrop,padding=0.7","off"
"m26-david-moore","9243","David Moore","CAR","WR","71","78","36","79","81","55","https://ratings-images-prod.pulse.ea.com/madden-nfl-26/portraits/9243.png?im=FaceCrop,padding=0.7","off"
"m26-deandre-carter","9728","DeAndre Carter","CLE","WR","71","77","28","74","80","31","https://ratings-images-prod.pulse.ea.com/madden-nfl-26/portraits/9728.png?im=FaceCrop,padding=0.7","off"
"m26-devontez-walker","10281","Devontez Walker","BAL","WR","71","77","23","76","80","44","https://ratings-images-prod.pulse.ea.com/madden-nfl-26/portraits/10281.png?im=FaceCrop,padding=0.7","off"
"m26-durham-smythe","9064","Durham Smythe","CHI","TE","71","70","25","74","73","61","https://ratings-images-prod.pulse.ea.com/madden-nfl-26/portraits/9064.png?im=FaceCrop,padding=0.7","off"
"m26-isaiah-hodgins","358","Isaiah Hodgins","NY Giants","WR","71","78","29","77","81","42","https://ratings-images-prod.pulse.ea.com/madden-nfl-26/portraits/358.png?im=FaceCrop,padding=0.7","off"
"m26-j-j-mccarthy","10167","J.J. McCarthy","MIN","QB","71","79","83","70","29","19","https://ratings-images-prod.pulse.ea.com/madden-nfl-26/portraits/10167.png?im=FaceCrop,padding=0.7","off"
"m26-jacob-cowing","10044","Jacob Cowing","SF","WR","71","77","29","74","80","31","https://ratings-images-prod.pulse.ea.com/madden-nfl-26/portraits/10044.png?im=FaceCrop,padding=0.7","off"
"m26-jaleel-mclaughlin","10419","Jaleel McLaughlin","DEN","RB","71","79","33","83","64","42","https://ratings-images-prod.pulse.ea.com/madden-nfl-26/portraits/10419.png?im=FaceCrop,padding=0.7","off"
"m26-jalen-royals","10714","Jalen Royals","KC","WR","71","77","39","79","79","37","https://ratings-images-prod.pulse.ea.com/madden-nfl-26/portraits/10714.png?im=FaceCrop,padding=0.7","off"
"m26-jameis-winston","6980","Jameis Winston","NY Giants","QB","71","79","83","69","36","26","https://ratings-images-prod.pulse.ea.com/madden-nfl-26/portraits/6980.png?im=FaceCrop,padding=0.7","off"
"m26-jawhar-jordan","10136","Jawhar Jordan","HOU","RB","71","79","27","82","59","39","https://ratings-images-prod.pulse.ea.com/madden-nfl-26/portraits/10136.png?im=FaceCrop,padding=0.7","off"
"m26-jonathan-mingo","2314","Jonathan Mingo","DAL","WR","71","77","27","78","80","41","https://ratings-images-prod.pulse.ea.com/madden-nfl-26/portraits/2314.png?im=FaceCrop,padding=0.7","off"
"m26-khadarel-hodge","130","KhaDarel Hodge","ATL","WR","71","77","52","78","80","41","https://ratings-images-prod.pulse.ea.com/madden-nfl-26/portraits/130.png?im=FaceCrop,padding=0.7","off"
"m26-konata-mumpfield","10674","Konata Mumpfield","LAR","WR","71","77","28","75","79","32","https://ratings-images-prod.pulse.ea.com/madden-nfl-26/portraits/10674.png?im=FaceCrop,padding=0.7","off"
"m26-lequint-allen","10476","LeQuint Allen","JAX","RB","71","79","41","82","68","48","https://ratings-images-prod.pulse.ea.com/madden-nfl-26/portraits/10476.png?im=FaceCrop,padding=0.7","off"
"m26-malik-willis","2039","Malik Willis","GB","QB","71","78","81","75","46","23","https://ratings-images-prod.pulse.ea.com/madden-nfl-26/portraits/2039.png?im=FaceCrop,padding=0.7","off"
"m26-michael-carter","1356","Michael Carter","ARI","RB","71","78","40","81","64","43","https://ratings-images-prod.pulse.ea.com/madden-nfl-26/portraits/1356.png?im=FaceCrop,padding=0.7","off"
"m26-mitchell-tinsley","10976","Mitchell Tinsley","CIN","WR","71","76","36","76","78","40","https://ratings-images-prod.pulse.ea.com/madden-nfl-26/portraits/10976.png?im=FaceCrop,padding=0.7","off"
"m26-mo-alie-cox","9697","Mo Alie-Cox","IND","TE","71","72","24","72","75","65","https://ratings-images-prod.pulse.ea.com/madden-nfl-26/portraits/9697.png?im=FaceCrop,padding=0.7","off"
"m26-roman-wilson","10303","Roman Wilson","PIT","WR","71","77","27","77","80","40","https://ratings-images-prod.pulse.ea.com/madden-nfl-26/portraits/10303.png?im=FaceCrop,padding=0.7","off"
"m26-roschon-johnson","2604","Roschon Johnson","CHI","RB","71","80","48","84","57","46","https://ratings-images-prod.pulse.ea.com/madden-nfl-26/portraits/2604.png?im=FaceCrop,padding=0.7","off"
"m26-sean-tucker","2435","Sean Tucker","TB","RB","71","81","32","85","66","47","https://ratings-images-prod.pulse.ea.com/madden-nfl-26/portraits/2435.png?im=FaceCrop,padding=0.7","off"
"m26-tahj-brooks","10500","Tahj Brooks","CIN","RB","71","79","28","83","64","47","https://ratings-images-prod.pulse.ea.com/madden-nfl-26/portraits/10500.png?im=FaceCrop,padding=0.7","off"
"m26-tai-felton","10551","Tai Felton","MIN","WR","71","77","29","76","79","32","https://ratings-images-prod.pulse.ea.com/madden-nfl-26/portraits/10551.png?im=FaceCrop,padding=0.7","off"
"m26-trevor-etienne","10545","Trevor Etienne","CAR","RB","71","80","43","84","64","43","https://ratings-images-prod.pulse.ea.com/madden-nfl-26/portraits/10545.png?im=FaceCrop,padding=0.7","off"
"m26-trey-palmer","2608","Trey Palmer","NO","WR","71","77","25","78","80","42","https://ratings-images-prod.pulse.ea.com/madden-nfl-26/portraits/2608.png?im=FaceCrop,padding=0.7","off"
"m26-tylan-wallace","1237","Tylan Wallace","BAL","WR","71","76","26","78","78","48","https://ratings-images-prod.pulse.ea.com/madden-nfl-26/portraits/1237.png?im=FaceCrop,padding=0.7","off"
"m26-andy-dalton","4356","Andy Dalton","CAR","QB","70","78","82","64","44","14","https://ratings-images-prod.pulse.ea.com/madden-nfl-26/portraits/4356.png?im=FaceCrop,padding=0.7","off"
"m26-audric-estime","10067","Audric Estime","NO","RB","70","79","28","83","62","43","https://ratings-images-prod.pulse.ea.com/madden-nfl-26/portraits/10067.png?im=FaceCrop,padding=0.7","off"
"m26-bam-knight","1801","Bam Knight","ARI","RB","70","78","32","82","62","42","https://ratings-images-prod.pulse.ea.com/madden-nfl-26/portraits/1801.png?im=FaceCrop,padding=0.7","off"
"m26-ben-skowronek","1188","Ben Skowronek","PIT","WR","70","77","27","77","80","45","https://ratings-images-prod.pulse.ea.com/madden-nfl-26/portraits/1188.png?im=FaceCrop,padding=0.7","off"
"m26-bub-means","10422","Bub Means","NO","WR","70","76","33","78","79","40","https://ratings-images-prod.pulse.ea.com/madden-nfl-26/portraits/10422.png?im=FaceCrop,padding=0.7","off"
"m26-charlie-jones","2246","Charlie Jones","CIN","WR","70","78","25","75","81","36","https://ratings-images-prod.pulse.ea.com/madden-nfl-26/portraits/2246.png?im=FaceCrop,padding=0.7","off"
"m26-dante-pettis","9018","Dante Pettis","NO","WR","70","75","42","76","77","35","https://ratings-images-prod.pulse.ea.com/madden-nfl-26/portraits/9018.png?im=FaceCrop,padding=0.7","off"
"m26-derius-davis","3053","Derius Davis","LAC","WR","70","76","23","76","79","34","https://ratings-images-prod.pulse.ea.com/madden-nfl-26/portraits/3053.png?im=FaceCrop,padding=0.7","off"
"m26-dj-giddens","10560","DJ Giddens","IND","RB","70","80","28","84","62","42","https://ratings-images-prod.pulse.ea.com/madden-nfl-26/portraits/10560.png?im=FaceCrop,padding=0.7","off"
"m26-elijah-arroyo","10479","Elijah Arroyo","SEA","TE","70","70","53","74","74","59","https://ratings-images-prod.pulse.ea.com/madden-nfl-26/portraits/10479.png?im=FaceCrop,padding=0.7","off"
"m26-emari-demercado","10381","Emari Demercado","ARI","RB","70","79","30","83","64","54","https://ratings-images-prod.pulse.ea.com/madden-nfl-26/portraits/10381.png?im=FaceCrop,padding=0.7","off"
"m26-gardner-minshew","9575","Gardner Minshew","KC","QB","70","78","82","67","27","19","https://ratings-images-prod.pulse.ea.com/madden-nfl-26/portraits/9575.png?im=FaceCrop,padding=0.7","off"
"m26-geno-smith","6078","Geno Smith","LV","QB","70","79","83","68","45","22","https://ratings-images-prod.pulse.ea.com/madden-nfl-26/portraits/6078.png?im=FaceCrop,padding=0.7","off"
"m26-greg-dulcich","1550","Greg Dulcich","MIA","TE","70","69","26","74","74","54","https://ratings-images-prod.pulse.ea.com/madden-nfl-26/portraits/1550.png?im=FaceCrop,padding=0.7","off"
"m26-gunnar-helm","10582","Gunnar Helm","TEN","TE","70","70","24","72","73","60","https://ratings-images-prod.pulse.ea.com/madden-nfl-26/portraits/10582.png?im=FaceCrop,padding=0.7","off"
"m26-harrison-bryant","193","Harrison Bryant","HOU","TE","70","70","29","74","73","62","https://ratings-images-prod.pulse.ea.com/madden-nfl-26/portraits/193.png?im=FaceCrop,padding=0.7","off"
"m26-isaiah-davis","10050","Isaiah Davis","NY Jets","RB","70","79","40","83","61","42","https://ratings-images-prod.pulse.ea.com/madden-nfl-26/portraits/10050.png?im=FaceCrop,padding=0.7","off"
"m26-ja-tavion-sanders","10242","Ja'Tavion Sanders","CAR","TE","70","69","27","77","73","55","https://ratings-images-prod.pulse.ea.com/madden-nfl-26/portraits/10242.png?im=FaceCrop,padding=0.7","off"
"m26-jalin-hyatt","2219","Jalin Hyatt","NY Giants","WR","70","76","25","77","79","38","https://ratings-images-prod.pulse.ea.com/madden-nfl-26/portraits/2219.png?im=FaceCrop,padding=0.7","off"
"m26-keandre-lambert-smith","10631","KeAndre Lambert-Smith","LAC","WR","70","76","28","77","78","30","https://ratings-images-prod.pulse.ea.com/madden-nfl-26/portraits/10631.png?im=FaceCrop,padding=0.7","off"
"m26-lajohntay-wester","10777","Lajohntay Wester","BAL","WR","70","76","24","74","79","31","https://ratings-images-prod.pulse.ea.com/madden-nfl-26/portraits/10777.png?im=FaceCrop,padding=0.7","off"
"m26-luke-musgrave","2334","Luke Musgrave","GB","TE","70","71","24","72","75","60","https://ratings-images-prod.pulse.ea.com/madden-nfl-26/portraits/2334.png?im=FaceCrop,padding=0.7","off"
"m26-mason-tipton","10977","Mason Tipton","NO","WR","70","76","37","79","78","39","https://ratings-images-prod.pulse.ea.com/madden-nfl-26/portraits/10977.png?im=FaceCrop,padding=0.7","off"
"m26-savion-williams","10784","Savion Williams","GB","WR","70","75","55","80","77","35","https://ratings-images-prod.pulse.ea.com/madden-nfl-26/portraits/10784.png?im=FaceCrop,padding=0.7","off"
"m26-scott-miller","460","Scott Miller","PIT","WR","70","77","37","76","80","35","https://ratings-images-prod.pulse.ea.com/madden-nfl-26/portraits/460.png?im=FaceCrop,padding=0.7","off"
"m26-spencer-rattler","10220","Spencer Rattler","NO","QB","70","78","82","63","33","15","https://ratings-images-prod.pulse.ea.com/madden-nfl-26/portraits/10220.png?im=FaceCrop,padding=0.7","off"
"m26-terrance-ferguson","10552","Terrance Ferguson","LAR","TE","70","69","27","77","73","56","https://ratings-images-prod.pulse.ea.com/madden-nfl-26/portraits/10552.png?im=FaceCrop,padding=0.7","off"
"m26-tyler-johnson","400","Tyler Johnson","NY Jets","WR","70","76","54","77","79","36","https://ratings-images-prod.pulse.ea.com/madden-nfl-26/portraits/400.png?im=FaceCrop,padding=0.7","off"
"m26-zavier-scott","11078","Zavier Scott","MIN","RB","70","78","30","81","69","45","https://ratings-images-prod.pulse.ea.com/madden-nfl-26/portraits/11078.png?im=FaceCrop,padding=0.7","off"
"m26-adam-prentice","1016","Adam Prentice","DEN","RB","69","66","25","65","59","68","https://ratings-images-prod.pulse.ea.com/madden-nfl-26/portraits/1016.png?im=FaceCrop,padding=0.7","off"
"m26-anthony-gould","10086","Anthony Gould","IND","WR","69","75","25","73","78","28","https://ratings-images-prod.pulse.ea.com/madden-nfl-26/portraits/10086.png?im=FaceCrop,padding=0.7","off"
"m26-anthony-richardson-sr","2609","Anthony Richardson Sr","IND","QB","69","77","81","72","34","21","https://ratings-images-prod.pulse.ea.com/madden-nfl-26/portraits/2609.png?im=FaceCrop,padding=0.7","off"
"m26-ben-sinnott","10247","Ben Sinnott","WAS","TE","69","69","24","74","72","58","https://ratings-images-prod.pulse.ea.com/madden-nfl-26/portraits/10247.png?im=FaceCrop,padding=0.7","off"
"m26-david-sills-v","9628","David Sills V","ATL","WR","69","75","69","76","78","39","https://ratings-images-prod.pulse.ea.com/madden-nfl-26/portraits/9628.png?im=FaceCrop,padding=0.7","off"
"m26-dee-eskridge","1268","Dee Eskridge","MIA","WR","69","74","24","76","76","36","https://ratings-images-prod.pulse.ea.com/madden-nfl-26/portraits/1268.png?im=FaceCrop,padding=0.7","off"
"m26-deshaun-watson","8769","Deshaun Watson","CLE","QB","69","77","80","72","40","25","https://ratings-images-prod.pulse.ea.com/madden-nfl-26/portraits/8769.png?im=FaceCrop,padding=0.7","off"
"m26-grant-calcaterra","2067","Grant Calcaterra","PHI","TE","69","70","25","73","74","58","https://ratings-images-prod.pulse.ea.com/madden-nfl-26/portraits/2067.png?im=FaceCrop,padding=0.7","off"
"m26-hassan-haskins","1760","Hassan Haskins","LAC","RB","69","79","33","83","61","50","https://ratings-images-prod.pulse.ea.com/madden-nfl-26/portraits/1760.png?im=FaceCrop,padding=0.7","off"
"m26-ian-thomas","9078","Ian Thomas","LV","TE","69","69","33","73","73","59","https://ratings-images-prod.pulse.ea.com/madden-nfl-26/portraits/9078.png?im=FaceCrop,padding=0.7","off"
"m26-isaiah-bond","10494","Isaiah Bond","CLE","WR","69","75","26","79","78","32","https://ratings-images-prod.pulse.ea.com/madden-nfl-26/portraits/10494.png?im=FaceCrop,padding=0.7","off"
"m26-jahdae-walker","","Jahdae Walker","CHI","WR","69","75","28","76","77","31","","off"
"m26-jake-bobo","1628","Jake Bobo","SEA","WR","69","77","27","77","80","40","https://ratings-images-prod.pulse.ea.com/madden-nfl-26/portraits/1628.png?im=FaceCrop,padding=0.7","off"
"m26-jamari-thrash","10266","Jamari Thrash","CLE","WR","69","75","29","75","78","34","https://ratings-images-prod.pulse.ea.com/madden-nfl-26/portraits/10266.png?im=FaceCrop,padding=0.7","off"
"m26-jared-wiley","10294","Jared Wiley","KC","TE","69","70","23","73","75","57","https://ratings-images-prod.pulse.ea.com/madden-nfl-26/portraits/10294.png?im=FaceCrop,padding=0.7","off"
"m26-jordan-watkins","10770","Jordan Watkins","SF","WR","69","76","32","78","79","30","https://ratings-images-prod.pulse.ea.com/madden-nfl-26/portraits/10770.png?im=FaceCrop,padding=0.7","off"
"m26-josh-whyle","2475","Josh Whyle","GB","TE","69","70","26","72","73","61","https://ratings-images-prod.pulse.ea.com/madden-nfl-26/portraits/2475.png?im=FaceCrop,padding=0.7","off"
"m26-kalel-mullings","10673","Kalel Mullings","TEN","RB","69","77","41","81","56","48","https://ratings-images-prod.pulse.ea.com/madden-nfl-26/portraits/10673.png?im=FaceCrop,padding=0.7","off"
"m26-kylen-granson","1383","Kylen Granson","PHI","TE","69","69","25","74","72","60","https://ratings-images-prod.pulse.ea.com/madden-nfl-26/portraits/1383.png?im=FaceCrop,padding=0.7","off"
"m26-lil-jordan-humphrey","9511","Lil'Jordan Humphrey","DEN","WR","69","75","42","78","78","42","https://ratings-images-prod.pulse.ea.com/madden-nfl-26/portraits/9511.png?im=FaceCrop,padding=0.7","off"
"m26-luke-schoonmaker","2384","Luke Schoonmaker","DAL","TE","69","70","28","70","72","63","https://ratings-images-prod.pulse.ea.com/madden-nfl-26/portraits/2384.png?im=FaceCrop,padding=0.7","off"
"m26-malachi-corley","10461","Malachi Corley","CLE","WR","69","75","39","75","78","46","https://ratings-images-prod.pulse.ea.com/madden-nfl-26/portraits/10461.png?im=FaceCrop,padding=0.7","off"
"m26-mitchell-evans","10794","Mitchell Evans","CAR","TE","69","70","37","72","73","60","https://ratings-images-prod.pulse.ea.com/madden-nfl-26/portraits/10794.png?im=FaceCrop,padding=0.7","off"
"m26-pharaoh-brown","8493","Pharaoh Brown","ARI","TE","69","70","24","72","73","64","https://ratings-images-prod.pulse.ea.com/madden-nfl-26/portraits/8493.png?im=FaceCrop,padding=0.7","off"
"m26-raheim-sanders","10717","Raheim Sanders","CLE","RB","69","79","26","83","61","43","https://ratings-images-prod.pulse.ea.com/madden-nfl-26/portraits/10717.png?im=FaceCrop,padding=0.7","off"
"m26-rasheen-ali","9995","Rasheen Ali","BAL","RB","69","77","28","80","63","38","https://ratings-images-prod.pulse.ea.com/madden-nfl-26/portraits/9995.png?im=FaceCrop,padding=0.7","off"
"m26-russell-wilson","5566","Russell Wilson","NY Giants","QB","69","78","82","69","46","28","https://ratings-images-prod.pulse.ea.com/madden-nfl-26/portraits/5566.png?im=FaceCrop,padding=0.7","off"
"m26-salvon-ahmed","70","Salvon Ahmed","IND","RB","69","78","32","82","61","42","https://ratings-images-prod.pulse.ea.com/madden-nfl-26/portraits/70.png?im=FaceCrop,padding=0.7","off"
"m26-scott-matlock","4689","Scott Matlock","LAC","RB","69","64","23","62","59","68","https://ratings-images-prod.pulse.ea.com/madden-nfl-26/portraits/4689.png?im=FaceCrop,padding=0.7","off"
"m26-shedeur-sanders","10718","Shedeur Sanders","CLE","QB","69","78","82","68","32","21","https://ratings-images-prod.pulse.ea.com/madden-nfl-26/portraits/10718.png?im=FaceCrop,padding=0.7","off"
"m26-travis-homer","9507","Travis Homer","CHI","RB","69","77","28","81","63","45","https://ratings-images-prod.pulse.ea.com/madden-nfl-26/portraits/9507.png?im=FaceCrop,padding=0.7","off"
"m26-tyler-badie","1152","Tyler Badie","DEN","RB","69","78","27","82","65","48","https://ratings-images-prod.pulse.ea.com/madden-nfl-26/portraits/1152.png?im=FaceCrop,padding=0.7","off"
"m26-tyrell-shavers","10962","Tyrell Shavers","BUF","WR","69","75","33","78","78","38","https://ratings-images-prod.pulse.ea.com/madden-nfl-26/portraits/10962.png?im=FaceCrop,padding=0.7","off"
"m26-tyrod-taylor","4490","Tyrod Taylor","NY Jets","QB","69","77","81","73","50","22","https://ratings-images-prod.pulse.ea.com/madden-nfl-26/portraits/4490.png?im=FaceCrop,padding=0.7","off"
"m26-andrew-beck","89","Andrew Beck","NY Jets","RB","68","69","25","70","67","63","https://ratings-images-prod.pulse.ea.com/madden-nfl-26/portraits/89.png?im=FaceCrop,padding=0.7","off"
"m26-arian-smith","10734","Arian Smith","NY Jets","WR","68","73","21","77","75","35","https://ratings-images-prod.pulse.ea.com/madden-nfl-26/portraits/10734.png?im=FaceCrop,padding=0.7","off"
"m26-brevin-jordan","1379","Brevin Jordan","HOU","TE","68","69","41","75","72","59","https://ratings-images-prod.pulse.ea.com/madden-nfl-26/portraits/1379.png?im=FaceCrop,padding=0.7","off"
"m26-british-brooks","10879","British Brooks","HOU","RB","68","72","21","73","60","59","https://ratings-images-prod.pulse.ea.com/madden-nfl-26/portraits/10879.png?im=FaceCrop,padding=0.7","off"
"m26-bryce-ford-wheaton","10898","Bryce Ford-Wheaton","NY Giants","WR","68","75","33","78","78","44","https://ratings-images-prod.pulse.ea.com/madden-nfl-26/portraits/10898.png?im=FaceCrop,padding=0.7","off"
"m26-brycen-tremayne","11071","Brycen Tremayne","CAR","WR","68","74","26","75","77","37","https://ratings-images-prod.pulse.ea.com/madden-nfl-26/portraits/11071.png?im=FaceCrop,padding=0.7","off"
"m26-carson-wentz","8258","Carson Wentz","MIN","QB","68","77","81","68","32","22","https://ratings-images-prod.pulse.ea.com/madden-nfl-26/portraits/8258.png?im=FaceCrop,padding=0.7","off"
"m26-charlie-kolar","1802","Charlie Kolar","BAL","TE","68","69","25","70","73","60","https://ratings-images-prod.pulse.ea.com/madden-nfl-26/portraits/1802.png?im=FaceCrop,padding=0.7","off"
"m26-chris-brooks","10369","Chris Brooks","GB","RB","68","79","29","83","59","47","https://ratings-images-prod.pulse.ea.com/madden-nfl-26/portraits/10369.png?im=FaceCrop,padding=0.7","off"
"m26-dare-ogunbowale","8679","Dare Ogunbowale","HOU","RB","68","78","33","82","65","43","https://ratings-images-prod.pulse.ea.com/madden-nfl-26/portraits/8679.png?im=FaceCrop,padding=0.7","off"
"m26-darius-cooper","11088","Darius Cooper","PHI","WR","68","75","30","76","78","39","https://ratings-images-prod.pulse.ea.com/madden-nfl-26/portraits/11088.png?im=FaceCrop,padding=0.7","off"
"m26-deejay-dallas","227","DeeJay Dallas","JAX","RB","68","79","44","83","67","51","https://ratings-images-prod.pulse.ea.com/madden-nfl-26/portraits/227.png?im=FaceCrop,padding=0.7","off"
"m26-dont-e-thornton-jr","10754","Dont'e Thornton Jr","LV","WR","68","74","24","77","76","38","https://ratings-images-prod.pulse.ea.com/madden-nfl-26/portraits/10754.png?im=FaceCrop,padding=0.7","off"
"m26-drew-sample","9617","Drew Sample","CIN","TE","68","69","27","68","72","63","https://ratings-images-prod.pulse.ea.com/madden-nfl-26/portraits/9617.png?im=FaceCrop,padding=0.7","off"
"m26-dylan-laube","10151","Dylan Laube","LV","RB","68","75","25","78","71","41","https://ratings-images-prod.pulse.ea.com/madden-nfl-26/portraits/10151.png?im=FaceCrop,padding=0.7","off"
"m26-efton-chism-iii","11072","Efton Chism III","NE","WR","68","75","37","74","78","38","https://ratings-images-prod.pulse.ea.com/madden-nfl-26/portraits/11072.png?im=FaceCrop,padding=0.7","off"
"m26-elijah-higgins","2209","Elijah Higgins","ARI","TE","68","68","24","75","74","51","https://ratings-images-prod.pulse.ea.com/madden-nfl-26/portraits/2209.png?im=FaceCrop,padding=0.7","off"
"m26-erick-all-jr","9997","Erick All Jr","CIN","TE","68","70","24","73","74","59","https://ratings-images-prod.pulse.ea.com/madden-nfl-26/portraits/9997.png?im=FaceCrop,padding=0.7","off"
"m26-jackson-hawes","10581","Jackson Hawes","BUF","TE","68","68","27","70","69","65","https://ratings-images-prod.pulse.ea.com/madden-nfl-26/portraits/10581.png?im=FaceCrop,padding=0.7","off"
"m26-jakobie-keeney-james","","Jakobie Keeney-James","GB","WR","68","74","30","75","77","36","","off"
"m26-james-proche-ii","533","James Proche II","TEN","WR","68","76","54","77","79","40","https://ratings-images-prod.pulse.ea.com/madden-nfl-26/portraits/533.png?im=FaceCrop,padding=0.7","off"
"m26-jeremy-ruckert","1932","Jeremy Ruckert","NY Jets","TE","68","69","31","71","71","64","https://ratings-images-prod.pulse.ea.com/madden-nfl-26/portraits/1932.png?im=FaceCrop,padding=0.7","off"
"m26-joe-milton","10180","Joe Milton","DAL","QB","68","78","82","65","26","15","https://ratings-images-prod.pulse.ea.com/madden-nfl-26/portraits/10180.png?im=FaceCrop,padding=0.7","off"
"m26-johnny-mundt","9248","Johnny Mundt","JAX","TE","68","69","22","74","72","62","https://ratings-images-prod.pulse.ea.com/madden-nfl-26/portraits/9248.png?im=FaceCrop,padding=0.7","off"
"m26-johnny-wilson","10301","Johnny Wilson","PHI","WR","68","74","26","78","77","46","https://ratings-images-prod.pulse.ea.com/madden-nfl-26/portraits/10301.png?im=FaceCrop,padding=0.7","off"
"m26-joshua-dobbs","8533","Joshua Dobbs","NE","QB","68","76","80","72","43","22","https://ratings-images-prod.pulse.ea.com/madden-nfl-26/portraits/8533.png?im=FaceCrop,padding=0.7","off"
"m26-laquon-treadwell","8238","Laquon Treadwell","IND","WR","68","76","33","76","79","44","https://ratings-images-prod.pulse.ea.com/madden-nfl-26/portraits/8238.png?im=FaceCrop,padding=0.7","off"
"m26-phil-mafah","10642","Phil Mafah","DAL","RB","68","79","42","83","61","46","https://ratings-images-prod.pulse.ea.com/madden-nfl-26/portraits/10642.png?im=FaceCrop,padding=0.7","off"
"m26-sione-vaki","10277","Sione Vaki","DET","RB","68","76","49","80","64","48","https://ratings-images-prod.pulse.ea.com/madden-nfl-26/portraits/10277.png?im=FaceCrop,padding=0.7","off"
"m26-tahj-washington","10286","Tahj Washington","MIA","WR","68","75","22","74","78","31","https://ratings-images-prod.pulse.ea.com/madden-nfl-26/portraits/10286.png?im=FaceCrop,padding=0.7","off"
"m26-tanner-hudson","9807","Tanner Hudson","CIN","TE","68","69","26","70","73","59","https://ratings-images-prod.pulse.ea.com/madden-nfl-26/portraits/9807.png?im=FaceCrop,padding=0.7","off"
"m26-tom-kennedy","410","Tom Kennedy","DET","WR","68","74","45","75","77","41","https://ratings-images-prod.pulse.ea.com/madden-nfl-26/portraits/410.png?im=FaceCrop,padding=0.7","off"
"m26-tyler-huntley","904","Tyler Huntley","BAL","QB","68","76","80","69","42","11","https://ratings-images-prod.pulse.ea.com/madden-nfl-26/portraits/904.png?im=FaceCrop,padding=0.7","off"
"m26-tyler-goodson","1736","Tyler Goodson","IND","RB","68","76","31","79","64","35","https://ratings-images-prod.pulse.ea.com/madden-nfl-26/portraits/1736.png?im=FaceCrop,padding=0.7","off"
"m26-will-levis","7889","Will Levis","TEN","QB","68","77","81","69","32","17","https://ratings-images-prod.pulse.ea.com/madden-nfl-26/portraits/7889.png?im=FaceCrop,padding=0.7","off"
"m26-xavier-smith","4976","Xavier Smith","LAR","WR","68","75","43","78","78","31","https://ratings-images-prod.pulse.ea.com/madden-nfl-26/portraits/4976.png?im=FaceCrop,padding=0.7","off"
"m26-aidan-o-connell","2606","Aidan O'Connell","LV","QB","67","77","81","61","23","16","https://ratings-images-prod.pulse.ea.com/madden-nfl-26/portraits/2606.png?im=FaceCrop,padding=0.7","off"
"m26-beaux-collins","10522","Beaux Collins","NY Giants","WR","67","75","29","77","78","35","https://ratings-images-prod.pulse.ea.com/madden-nfl-26/portraits/10522.png?im=FaceCrop,padding=0.7","off"
"m26-cade-stover","10256","Cade Stover","HOU","TE","67","68","27","74","71","61","https://ratings-images-prod.pulse.ea.com/madden-nfl-26/portraits/10256.png?im=FaceCrop,padding=0.7","off"
"m26-corey-kiner","","Corey Kiner","ARI","RB","67","77","30","81","59","43","","off"
"m26-dareke-young","2668","Dareke Young","SEA","WR","67","73","24","79","76","35","https://ratings-images-prod.pulse.ea.com/madden-nfl-26/portraits/2668.png?im=FaceCrop,padding=0.7","off"
"m26-davis-allen","852","Davis Allen","LAR","TE","67","68","33","71","71","59","https://ratings-images-prod.pulse.ea.com/madden-nfl-26/portraits/852.png?im=FaceCrop,padding=0.7","off"
"m26-dillon-gabriel","10557","Dillon Gabriel","CLE","QB","67","77","81","71","34","21","https://ratings-images-prod.pulse.ea.com/madden-nfl-26/portraits/10557.png?im=FaceCrop,padding=0.7","off"
"m26-dominic-lovett","10640","Dominic Lovett","DET","WR","67","74","21","77","77","31","https://ratings-images-prod.pulse.ea.com/madden-nfl-26/portraits/10640.png?im=FaceCrop,padding=0.7","off"
"m26-donald-parham","1498","Donald Parham","PIT","TE","67","69","26","72","74","58","https://ratings-images-prod.pulse.ea.com/madden-nfl-26/portraits/1498.png?im=FaceCrop,padding=0.7","off"
"m26-eric-saubert","8717","Eric Saubert","SEA","TE","67","68","23","74","71","62","https://ratings-images-prod.pulse.ea.com/madden-nfl-26/portraits/8717.png?im=FaceCrop,padding=0.7","off"
"m26-eric-gray","2175","Eric Gray","NY Giants","RB","67","75","29","78","63","43","https://ratings-images-prod.pulse.ea.com/madden-nfl-26/portraits/2175.png?im=FaceCrop,padding=0.7","off"
"m26-george-holani","10108","George Holani","SEA","RB","67","77","38","81","65","44","https://ratings-images-prod.pulse.ea.com/madden-nfl-26/portraits/10108.png?im=FaceCrop,padding=0.7","off"
"m26-isaiah-williams","10298","Isaiah Williams","NY Jets","WR","67","73","63","76","76","36","https://ratings-images-prod.pulse.ea.com/madden-nfl-26/portraits/10298.png?im=FaceCrop,padding=0.7","off"
"m26-jake-browning","9399","Jake Browning","CIN","QB","67","77","81","65","34","11","https://ratings-images-prod.pulse.ea.com/madden-nfl-26/portraits/9399.png?im=FaceCrop,padding=0.7","off"
"m26-jalen-brooks","1794","Jalen Brooks","ARI","WR","67","75","28","76","78","28","https://ratings-images-prod.pulse.ea.com/madden-nfl-26/portraits/1794.png?im=FaceCrop,padding=0.7","off"
"m26-jaret-patterson","1009","Jaret Patterson","LAC","RB","67","75","27","79","62","41","https://ratings-images-prod.pulse.ea.com/madden-nfl-26/portraits/1009.png?im=FaceCrop,padding=0.7","off"
"m26-jelani-woods","2050","Jelani Woods","NY Jets","TE","67","69","68","70","72","62","https://ratings-images-prod.pulse.ea.com/madden-nfl-26/portraits/2050.png?im=FaceCrop,padding=0.7","off"
"m26-jimmy-horn-jr","10592","Jimmy Horn Jr","CAR","WR","67","74","25","77","77","30","https://ratings-images-prod.pulse.ea.com/madden-nfl-26/portraits/10592.png?im=FaceCrop,padding=0.7","off"
"m26-jimmy-garoppolo","6429","Jimmy Garoppolo","LAR","QB","67","76","80","63","29","18","https://ratings-images-prod.pulse.ea.com/madden-nfl-26/portraits/6429.png?im=FaceCrop,padding=0.7","off"
"m26-julius-chestnut","3003","Julius Chestnut","TEN","RB","67","78","29","82","64","50","https://ratings-images-prod.pulse.ea.com/madden-nfl-26/portraits/3003.png?im=FaceCrop,padding=0.7","off"
"m26-kene-nwangwu","1180","Kene Nwangwu","NY Jets","RB","67","76","30","80","57","41","https://ratings-images-prod.pulse.ea.com/madden-nfl-26/portraits/1180.png?im=FaceCrop,padding=0.7","off"
"m26-michael-burton","7034","Michael Burton","DEN","RB","67","65","26","64","52","67","https://ratings-images-prod.pulse.ea.com/madden-nfl-26/portraits/7034.png?im=FaceCrop,padding=0.7","off"
"m26-nate-carter","11075","Nate Carter","ATL","RB","67","77","28","81","61","41","https://ratings-images-prod.pulse.ea.com/madden-nfl-26/portraits/11075.png?im=FaceCrop,padding=0.7","off"
"m26-nikko-remigio","10955","Nikko Remigio","KC","WR","67","74","26","75","77","35","https://ratings-images-prod.pulse.ea.com/madden-nfl-26/portraits/10955.png?im=FaceCrop,padding=0.7","off"
"m26-riley-leonard","10634","Riley Leonard","IND","QB","67","76","80","73","33","32","https://ratings-images-prod.pulse.ea.com/madden-nfl-26/portraits/10634.png?im=FaceCrop,padding=0.7","off"
"m26-robert-tonyan","9943","Robert Tonyan","KC","TE","67","68","42","71","73","57","https://ratings-images-prod.pulse.ea.com/madden-nfl-26/portraits/9943.png?im=FaceCrop,padding=0.7","off"
"m26-ronnie-rivers","1914","Ronnie Rivers","LAR","RB","67","75","32","78","68","43","https://ratings-images-prod.pulse.ea.com/madden-nfl-26/portraits/1914.png?im=FaceCrop,padding=0.7","off"
"m26-simi-fehoko","1130","Simi Fehoko","ARI","WR","67","74","25","77","77","41","https://ratings-images-prod.pulse.ea.com/madden-nfl-26/portraits/1130.png?im=FaceCrop,padding=0.7","off"
"m26-teddy-bridgewater","6359","Teddy Bridgewater","TB","QB","67","75","79","72","42","15","https://ratings-images-prod.pulse.ea.com/madden-nfl-26/portraits/6359.png?im=FaceCrop,padding=0.7","off"
"m26-brock-wright","1102","Brock Wright","DET","TE","66","67","25","70","71","59","https://ratings-images-prod.pulse.ea.com/madden-nfl-26/portraits/1102.png?im=FaceCrop,padding=0.7","off"
"m26-casey-washington","10984","Casey Washington","ATL","WR","66","74","47","75","77","37","https://ratings-images-prod.pulse.ea.com/madden-nfl-26/portraits/10984.png?im=FaceCrop,padding=0.7","off"
"m26-connor-heyward","1764","Connor Heyward","PIT","TE","66","67","36","75","71","58","https://ratings-images-prod.pulse.ea.com/madden-nfl-26/portraits/1764.png?im=FaceCrop,padding=0.7","off"
"m26-dalen-cambre","","Dalen Cambre","NY Giants","WR","66","73","31","76","76","34","","off"
"m26-davis-mills","969","Davis Mills","HOU","QB","66","77","81","62","25","15","https://ratings-images-prod.pulse.ea.com/madden-nfl-26/portraits/969.png?im=FaceCrop,padding=0.7","off"
"m26-desmond-ridder","1912","Desmond Ridder","GB","QB","66","76","80","65","35","16","https://ratings-images-prod.pulse.ea.com/madden-nfl-26/portraits/1912.png?im=FaceCrop,padding=0.7","off"
"m26-drew-ogletree","2154","Drew Ogletree","IND","TE","66","68","24","72","71","60","https://ratings-images-prod.pulse.ea.com/madden-nfl-26/portraits/2154.png?im=FaceCrop,padding=0.7","off"
"m26-drew-lock","9553","Drew Lock","SEA","QB","66","77","81","66","38","19","https://ratings-images-prod.pulse.ea.com/madden-nfl-26/portraits/9553.png?im=FaceCrop,padding=0.7","off"
"m26-dylan-drummond","","Dylan Drummond","ATL","WR","66","74","29","74","77","34","","off"
"m26-evan-hull","2218","Evan Hull","NO","RB","66","75","26","79","64","46","https://ratings-images-prod.pulse.ea.com/madden-nfl-26/portraits/2218.png?im=FaceCrop,padding=0.7","off"
"m26-gage-larvadain","11012","Gage Larvadain","CLE","WR","66","72","29","76","75","35","https://ratings-images-prod.pulse.ea.com/madden-nfl-26/portraits/11012.png?im=FaceCrop,padding=0.7","off"
"m26-gunner-olszewski","498","Gunner Olszewski","NY Giants","WR","66","72","46","76","75","40","https://ratings-images-prod.pulse.ea.com/madden-nfl-26/portraits/498.png?im=FaceCrop,padding=0.7","off"
"m26-jacob-saylors","11094","Jacob Saylors","DET","RB","66","77","31","82","61","44","https://ratings-images-prod.pulse.ea.com/madden-nfl-26/portraits/11094.png?im=FaceCrop,padding=0.7","off"
"m26-john-bates","1388","John Bates","WAS","TE","66","68","24","68","70","64","https://ratings-images-prod.pulse.ea.com/madden-nfl-26/portraits/1388.png?im=FaceCrop,padding=0.7","off"
"m26-ke-shawn-williams","11090","Ke'Shawn Williams","CIN","WR","66","74","26","75","77","35","https://ratings-images-prod.pulse.ea.com/madden-nfl-26/portraits/11090.png?im=FaceCrop,padding=0.7","off"
"m26-kenny-pickett","1889","Kenny Pickett","LV","QB","66","76","80","67","35","18","https://ratings-images-prod.pulse.ea.com/madden-nfl-26/portraits/1889.png?im=FaceCrop,padding=0.7","off"
"m26-malik-heath","10394","Malik Heath","ATL","WR","66","74","32","76","77","38","https://ratings-images-prod.pulse.ea.com/madden-nfl-26/portraits/10394.png?im=FaceCrop,padding=0.7","off"
"m26-mason-rudolph","9044","Mason Rudolph","PIT","QB","66","77","81","64","34","16","https://ratings-images-prod.pulse.ea.com/madden-nfl-26/portraits/9044.png?im=FaceCrop,padding=0.7","off"
"m26-myles-price","11015","Myles Price","MIN","WR","66","73","34","77","76","33","https://ratings-images-prod.pulse.ea.com/madden-nfl-26/portraits/11015.png?im=FaceCrop,padding=0.7","off"
"m26-ryan-miller","10941","Ryan Miller","NY Giants","WR","66","72","23","74","75","35","https://ratings-images-prod.pulse.ea.com/madden-nfl-26/portraits/10941.png?im=FaceCrop,padding=0.7","off"
"m26-shane-zylstra","2716","Shane Zylstra","DET","TE","66","68","21","74","73","54","https://ratings-images-prod.pulse.ea.com/madden-nfl-26/portraits/2716.png?im=FaceCrop,padding=0.7","off"
"m26-xavier-weaver","10290","Xavier Weaver","ARI","WR","66","72","43","77","75","31","https://ratings-images-prod.pulse.ea.com/madden-nfl-26/portraits/10290.png?im=FaceCrop,padding=0.7","off"
"m26-brevyn-spann-ford","10254","Brevyn Spann-Ford","DAL","TE","65","67","24","70","69","63","https://ratings-images-prod.pulse.ea.com/madden-nfl-26/portraits/10254.png?im=FaceCrop,padding=0.7","off"
"m26-britain-covey","3037","Britain Covey","PHI","WR","65","71","51","76","73","27","https://ratings-images-prod.pulse.ea.com/madden-nfl-26/portraits/3037.png?im=FaceCrop,padding=0.7","off"
"m26-bryce-oliver","10950","Bryce Oliver","TEN","WR","65","73","26","76","76","40","https://ratings-images-prod.pulse.ea.com/madden-nfl-26/portraits/10950.png?im=FaceCrop,padding=0.7","off"
"m26-cameron-latu","2287","Cameron Latu","PHI","TE","65","67","24","72","70","60","https://ratings-images-prod.pulse.ea.com/madden-nfl-26/portraits/2287.png?im=FaceCrop,padding=0.7","off"
"m26-charlie-woerner","683","Charlie Woerner","ATL","TE","65","66","31","70","68","62","https://ratings-images-prod.pulse.ea.com/madden-nfl-26/portraits/683.png?im=FaceCrop,padding=0.7","off"
"m26-cooper-rush","8714","Cooper Rush","BAL","QB","65","76","80","59","29","17","https://ratings-images-prod.pulse.ea.com/madden-nfl-26/portraits/8714.png?im=FaceCrop,padding=0.7","off"
"m26-deven-thompkins","2423","Deven Thompkins","ATL","WR","65","71","27","71","73","31","https://ratings-images-prod.pulse.ea.com/madden-nfl-26/portraits/2423.png?im=FaceCrop,padding=0.7","off"
"m26-hunter-long","1378","Hunter Long","JAX","TE","65","68","25","71","72","59","https://ratings-images-prod.pulse.ea.com/madden-nfl-26/portraits/1378.png?im=FaceCrop,padding=0.7","off"
"m26-jack-stoll","1070","Jack Stoll","NO","TE","65","67","27","68","71","61","https://ratings-images-prod.pulse.ea.com/madden-nfl-26/portraits/1070.png?im=FaceCrop,padding=0.7","off"
"m26-jalen-milroe","10664","Jalen Milroe","SEA","QB","65","75","79","70","36","27","https://ratings-images-prod.pulse.ea.com/madden-nfl-26/portraits/10664.png?im=FaceCrop,padding=0.7","off"
"m26-james-mitchell","1853","James Mitchell","CAR","TE","65","67","42","71","72","58","https://ratings-images-prod.pulse.ea.com/madden-nfl-26/portraits/1853.png?im=FaceCrop,padding=0.7","off"
"m26-josiah-deguara","247","Josiah Deguara","ARI","TE","65","67","37","70","72","58","https://ratings-images-prod.pulse.ea.com/madden-nfl-26/portraits/247.png?im=FaceCrop,padding=0.7","off"
"m26-ko-kieft","2566","Ko Kieft","TB","TE","65","66","27","66","67","64","https://ratings-images-prod.pulse.ea.com/madden-nfl-26/portraits/2566.png?im=FaceCrop,padding=0.7","off"
"m26-sam-howell","1770","Sam Howell","PHI","QB","65","76","80","69","41","19","https://ratings-images-prod.pulse.ea.com/madden-nfl-26/portraits/1770.png?im=FaceCrop,padding=0.7","off"
"m26-terrell-jennings","","Terrell Jennings","NE","RB","65","76","40","81","61","45","","off"
"m26-thomas-fidone-ii","10553","Thomas Fidone II","NY Giants","TE","65","67","31","69","71","59","https://ratings-images-prod.pulse.ea.com/madden-nfl-26/portraits/10553.png?im=FaceCrop,padding=0.7","off"
"m26-tip-reiman","10225","Tip Reiman","ARI","TE","65","67","24","71","70","64","https://ratings-images-prod.pulse.ea.com/madden-nfl-26/portraits/10225.png?im=FaceCrop,padding=0.7","off"
"m26-trayveon-williams","9680","Trayveon Williams","CLE","RB","65","76","35","80","66","43","https://ratings-images-prod.pulse.ea.com/madden-nfl-26/portraits/9680.png?im=FaceCrop,padding=0.7","off"
"m26-trent-taylor","8744","Trent Taylor","SF","WR","65","73","32","75","77","47","https://ratings-images-prod.pulse.ea.com/madden-nfl-26/portraits/8744.png?im=FaceCrop,padding=0.7","off"
"m26-will-mallory","2293","Will Mallory","IND","TE","65","66","28","73","72","52","https://ratings-images-prod.pulse.ea.com/madden-nfl-26/portraits/2293.png?im=FaceCrop,padding=0.7","off"
"m26-zach-wilson","1367","Zach Wilson","MIA","QB","65","76","80","68","43","17","https://ratings-images-prod.pulse.ea.com/madden-nfl-26/portraits/1367.png?im=FaceCrop,padding=0.7","off"
"m26-alex-bachman","1391","Alex Bachman","LV","WR","64","72","24","73","76","36","https://ratings-images-prod.pulse.ea.com/madden-nfl-26/portraits/1391.png?im=FaceCrop,padding=0.7","off"
"m26-anthony-firkser","9770","Anthony Firkser","DET","TE","64","68","20","69","73","58","https://ratings-images-prod.pulse.ea.com/madden-nfl-26/portraits/9770.png?im=FaceCrop,padding=0.7","off"
"m26-ben-vansumeren","10470","Ben VanSumeren","PHI","RB","64","68","27","70","62","55","https://ratings-images-prod.pulse.ea.com/madden-nfl-26/portraits/10470.png?im=FaceCrop,padding=0.7","off"
"m26-brenden-bates","10870","Brenden Bates","CLE","TE","64","66","27","69","68","64","https://ratings-images-prod.pulse.ea.com/madden-nfl-26/portraits/10870.png?im=FaceCrop,padding=0.7","off"
"m26-cody-white","662","Cody White","SEA","WR","64","73","27","73","77","45","https://ratings-images-prod.pulse.ea.com/madden-nfl-26/portraits/662.png?im=FaceCrop,padding=0.7","off"
"m26-d-j-montgomery","10465","D.J. Montgomery","IND","WR","64","70","24","73","72","40","https://ratings-images-prod.pulse.ea.com/madden-nfl-26/portraits/10465.png?im=FaceCrop,padding=0.7","off"
"m26-gavin-bartholomew","10486","Gavin Bartholomew","MIN","TE","64","66","35","72","69","59","https://ratings-images-prod.pulse.ea.com/madden-nfl-26/portraits/10486.png?im=FaceCrop,padding=0.7","off"
"m26-irvin-charles","10460","Irvin Charles","NY Jets","WR","64","72","30","75","75","44","https://ratings-images-prod.pulse.ea.com/madden-nfl-26/portraits/10460.png?im=FaceCrop,padding=0.7","off"
"m26-kameron-johnson","10924","Kameron Johnson","TB","WR","64","70","38","74","73","33","https://ratings-images-prod.pulse.ea.com/madden-nfl-26/portraits/10924.png?im=FaceCrop,padding=0.7","off"
"m26-kenny-mcintosh","2306","Kenny McIntosh","SEA","RB","64","75","49","80","63","50","https://ratings-images-prod.pulse.ea.com/madden-nfl-26/portraits/2306.png?im=FaceCrop,padding=0.7","off"
"m26-lucas-krull","10409","Lucas Krull","DEN","TE","64","66","52","71","70","57","https://ratings-images-prod.pulse.ea.com/madden-nfl-26/portraits/10409.png?im=FaceCrop,padding=0.7","off"
"m26-luke-farrell","939","Luke Farrell","SF","TE","64","66","24","68","69","63","https://ratings-images-prod.pulse.ea.com/madden-nfl-26/portraits/939.png?im=FaceCrop,padding=0.7","off"
"m26-mitchell-trubisky","8756","Mitchell Trubisky","BUF","QB","64","75","79","69","42","20","https://ratings-images-prod.pulse.ea.com/madden-nfl-26/portraits/8756.png?im=FaceCrop,padding=0.7","off"
"m26-nick-vannett","8246","Nick Vannett","LAR","TE","64","67","25","69","72","58","https://ratings-images-prod.pulse.ea.com/madden-nfl-26/portraits/8246.png?im=FaceCrop,padding=0.7","off"
"m26-payne-durham","2129","Payne Durham","TB","TE","64","66","27","69","69","60","https://ratings-images-prod.pulse.ea.com/madden-nfl-26/portraits/2129.png?im=FaceCrop,padding=0.7","off"
"m26-quintin-morris","4741","Quintin Morris","JAX","TE","64","66","28","72","70","55","https://ratings-images-prod.pulse.ea.com/madden-nfl-26/portraits/4741.png?im=FaceCrop,padding=0.7","off"
"m26-skylar-thompson","1984","Skylar Thompson","PIT","QB","64","75","79","62","29","18","https://ratings-images-prod.pulse.ea.com/madden-nfl-26/portraits/1984.png?im=FaceCrop,padding=0.7","off"
"m26-stone-smartt","10443","Stone Smartt","NY Jets","TE","64","65","70","74","71","47","https://ratings-images-prod.pulse.ea.com/madden-nfl-26/portraits/10443.png?im=FaceCrop,padding=0.7","off"
"m26-tanner-mckee","8265","Tanner McKee","PHI","QB","64","75","80","61","23","15","https://ratings-images-prod.pulse.ea.com/madden-nfl-26/portraits/8265.png?im=FaceCrop,padding=0.7","off"
"m26-will-howard","10595","Will Howard","PIT","QB","64","75","80","66","34","26","https://ratings-images-prod.pulse.ea.com/madden-nfl-26/portraits/10595.png?im=FaceCrop,padding=0.7","off"
"m26-brayden-willis","2479","Brayden Willis","SF","TE","63","66","57","69","69","64","https://ratings-images-prod.pulse.ea.com/madden-nfl-26/portraits/2479.png?im=FaceCrop,padding=0.7","off"
"m26-case-keenum","5294","Case Keenum","CHI","QB","63","74","79","65","26","19","https://ratings-images-prod.pulse.ea.com/madden-nfl-26/portraits/5294.png?im=FaceCrop,padding=0.7","off"
"m26-jake-briningstool","10497","Jake Briningstool","KC","TE","63","67","23","70","72","57","https://ratings-images-prod.pulse.ea.com/madden-nfl-26/portraits/10497.png?im=FaceCrop,padding=0.7","off"
"m26-jarrett-stidham","9641","Jarrett Stidham","DEN","QB","63","74","79","61","48","19","https://ratings-images-prod.pulse.ea.com/madden-nfl-26/portraits/9641.png?im=FaceCrop,padding=0.7","off"
"m26-john-fitzpatrick","2713","John FitzPatrick","GB","TE","63","65","23","70","67","64","https://ratings-images-prod.pulse.ea.com/madden-nfl-26/portraits/2713.png?im=FaceCrop,padding=0.7","off"
"m26-julian-hill","10397","Julian Hill","MIA","TE","63","66","57","69","70","60","https://ratings-images-prod.pulse.ea.com/madden-nfl-26/portraits/10397.png?im=FaceCrop,padding=0.7","off"
"m26-kevin-austin-jr","1151","Kevin Austin Jr","NO","WR","63","71","25","71","74","43","https://ratings-images-prod.pulse.ea.com/madden-nfl-26/portraits/1151.png?im=FaceCrop,padding=0.7","off"
"m26-mason-kinsey","1467","Mason Kinsey","TEN","WR","63","73","24","72","77","31","https://ratings-images-prod.pulse.ea.com/madden-nfl-26/portraits/1467.png?im=FaceCrop,padding=0.7","off"
"m26-quinn-ewers","10546","Quinn Ewers","MIA","QB","63","74","79","63","36","23","https://ratings-images-prod.pulse.ea.com/madden-nfl-26/portraits/10546.png?im=FaceCrop,padding=0.7","off"
"m26-stetson-bennett-iv","2535","Stetson Bennett IV","LAR","QB","63","74","78","63","25","19","https://ratings-images-prod.pulse.ea.com/madden-nfl-26/portraits/2535.png?im=FaceCrop,padding=0.7","off"
"m26-teagan-quitoriano","1900","Teagan Quitoriano","ATL","TE","63","66","23","68","70","59","https://ratings-images-prod.pulse.ea.com/madden-nfl-26/portraits/1900.png?im=FaceCrop,padding=0.7","off"
"m26-trey-lance","1368","Trey Lance","LAC","QB","63","73","77","69","40","23","https://ratings-images-prod.pulse.ea.com/madden-nfl-26/portraits/1368.png?im=FaceCrop,padding=0.7","off"
"m26-ben-sims","10442","Ben Sims","MIN","TE","62","65","24","70","71","54","https://ratings-images-prod.pulse.ea.com/madden-nfl-26/portraits/10442.png?im=FaceCrop,padding=0.7","off"
"m26-benjamin-yurosek","11013","Benjamin Yurosek","MIN","TE","62","65","23","69","70","57","https://ratings-images-prod.pulse.ea.com/madden-nfl-26/portraits/11013.png?im=FaceCrop,padding=0.7","off"
"m26-blake-whiteheart","2471","Blake Whiteheart","CLE","TE","62","65","34","70","68","59","https://ratings-images-prod.pulse.ea.com/madden-nfl-26/portraits/2471.png?im=FaceCrop,padding=0.7","off"
"m26-brady-cook","10526","Brady Cook","NY Jets","QB","62","73","78","66","33","22","https://ratings-images-prod.pulse.ea.com/madden-nfl-26/portraits/10526.png?im=FaceCrop,padding=0.7","off"
"m26-cj-dippre","10536","CJ Dippre","NE","TE","62","64","32","69","66","64","https://ratings-images-prod.pulse.ea.com/madden-nfl-26/portraits/10536.png?im=FaceCrop,padding=0.7","off"
"m26-david-martin-robinson","10935","David Martin-Robinson","TEN","TE","62","65","27","70","69","60","https://ratings-images-prod.pulse.ea.com/madden-nfl-26/portraits/10935.png?im=FaceCrop,padding=0.7","off"
"m26-devin-culp","10047","Devin Culp","TB","TE","62","63","26","75","68","51","https://ratings-images-prod.pulse.ea.com/madden-nfl-26/portraits/10047.png?im=FaceCrop,padding=0.7","off"
"m26-easton-stick","9640","Easton Stick","ATL","QB","62","73","77","72","31","18","https://ratings-images-prod.pulse.ea.com/madden-nfl-26/portraits/9640.png?im=FaceCrop,padding=0.7","off"
"m26-jalin-conyers","10525","Jalin Conyers","MIA","TE","62","66","22","70","70","59","https://ratings-images-prod.pulse.ea.com/madden-nfl-26/portraits/10525.png?im=FaceCrop,padding=0.7","off"
"m26-keleki-latu","","Keleki Latu","BUF","TE","62","65","23","68","68","61","","off"
"m26-kurtis-rourke","10713","Kurtis Rourke","SF","QB","62","74","79","65","34","24","https://ratings-images-prod.pulse.ea.com/madden-nfl-26/portraits/10713.png?im=FaceCrop,padding=0.7","off"
"m26-nate-adkins","10358","Nate Adkins","DEN","TE","62","66","29","65","69","62","https://ratings-images-prod.pulse.ea.com/madden-nfl-26/portraits/10358.png?im=FaceCrop,padding=0.7","off"
"m26-andre-baccellia","2788","Andre Baccellia","ARI","WR","61","67","33","69","70","30","https://ratings-images-prod.pulse.ea.com/madden-nfl-26/portraits/2788.png?im=FaceCrop,padding=0.7","off"
"m26-brady-russell","10439","Brady Russell","SEA","TE","61","65","24","70","69","57","https://ratings-images-prod.pulse.ea.com/madden-nfl-26/portraits/10439.png?im=FaceCrop,padding=0.7","off"
"m26-cam-grandy","10902","Cam Grandy","CIN","TE","61","65","22","69","68","60","https://ratings-images-prod.pulse.ea.com/madden-nfl-26/portraits/10902.png?im=FaceCrop,padding=0.7","off"
"m26-colson-yankoff","10996","Colson Yankoff","WAS","TE","61","63","55","71","67","55","https://ratings-images-prod.pulse.ea.com/madden-nfl-26/portraits/10996.png?im=FaceCrop,padding=0.7","off"
"m26-jeff-driskel","7986","Jeff Driskel","WAS","QB","61","69","73","72","66","52","https://ratings-images-prod.pulse.ea.com/madden-nfl-26/portraits/7986.png?im=FaceCrop,padding=0.7","off"
"m26-john-wolford","740","John Wolford","MIN","QB","61","72","77","69","38","18","https://ratings-images-prod.pulse.ea.com/madden-nfl-26/portraits/740.png?im=FaceCrop,padding=0.7","off"
"m26-josh-johnson","1681","Josh Johnson","WAS","QB","61","72","76","67","44","15","https://ratings-images-prod.pulse.ea.com/madden-nfl-26/portraits/1681.png?im=FaceCrop,padding=0.7","off"
"m26-nick-mullens","9870","Nick Mullens","JAX","QB","61","73","78","61","31","22","https://ratings-images-prod.pulse.ea.com/madden-nfl-26/portraits/9870.png?im=FaceCrop,padding=0.7","off"
"m26-patrick-taylor-jr","609","Patrick Taylor Jr","SF","RB","61","75","30","81","61","41","https://ratings-images-prod.pulse.ea.com/madden-nfl-26/portraits/609.png?im=FaceCrop,padding=0.7","off"
"m26-tommy-devito","10382","Tommy DeVito","NE","QB","61","72","77","68","29","11","https://ratings-images-prod.pulse.ea.com/madden-nfl-26/portraits/10382.png?im=FaceCrop,padding=0.7","off"
"m26-travis-vokolek","2444","Travis Vokolek","ARI","TE","61","64","23","66","67","61","https://ratings-images-prod.pulse.ea.com/madden-nfl-26/portraits/2444.png?im=FaceCrop,padding=0.7","off"
"m26-cam-miller","10942","Cam Miller","MIA","QB","60","73","78","65","31","23","https://ratings-images-prod.pulse.ea.com/madden-nfl-26/portraits/10942.png?im=FaceCrop,padding=0.7","off"
"m26-graham-mertz","10661","Graham Mertz","HOU","QB","60","73","78","61","30","25","https://ratings-images-prod.pulse.ea.com/madden-nfl-26/portraits/10661.png?im=FaceCrop,padding=0.7","off"
"m26-kyle-allen","9699","Kyle Allen","DET","QB","60","73","78","59","29","17","https://ratings-images-prod.pulse.ea.com/madden-nfl-26/portraits/9699.png?im=FaceCrop,padding=0.7","off"
"m26-nick-kallerup","11086","Nick Kallerup","SEA","TE","60","64","30","66","66","62","https://ratings-images-prod.pulse.ea.com/madden-nfl-26/portraits/11086.png?im=FaceCrop,padding=0.7","off"
"m26-zaire-mitchell-paden","11092","Zaire Mitchell-Paden","NO","TE","60","63","23","66","67","58","https://ratings-images-prod.pulse.ea.com/madden-nfl-26/portraits/11092.png?im=FaceCrop,padding=0.7","off"
"m26-carter-runyon","11039","Carter Runyon","LV","TE","59","64","23","71","68","59","https://ratings-images-prod.pulse.ea.com/madden-nfl-26/portraits/11039.png?im=FaceCrop,padding=0.7","off"
"m26-max-brosmer","10501","Max Brosmer","MIN","QB","59","72","77","64","29","30","https://ratings-images-prod.pulse.ea.com/madden-nfl-26/portraits/10501.png?im=FaceCrop,padding=0.7","off"
"m26-tucker-fisk","10897","Tucker Fisk","LAC","TE","59","61","22","61","61","64","https://ratings-images-prod.pulse.ea.com/madden-nfl-26/portraits/10897.png?im=FaceCrop,padding=0.7","off"
"m26-tyson-bagent","4849","Tyson Bagent","CHI","QB","59","71","76","60","24","19","https://ratings-images-prod.pulse.ea.com/madden-nfl-26/portraits/4849.png?im=FaceCrop,padding=0.7","off"
"m26-brett-rypien","9615","Brett Rypien","MIN","QB","57","70","76","58","37","17","https://ratings-images-prod.pulse.ea.com/madden-nfl-26/portraits/9615.png?im=FaceCrop,padding=0.7","off"
"m26-connor-bazelak","","Connor Bazelak","TB","QB","57","71","77","63","29","25","","off"
"m26-kedon-slovis","10248","Kedon Slovis","ARI","QB","57","70","76","64","31","20","https://ratings-images-prod.pulse.ea.com/madden-nfl-26/portraits/10248.png?im=FaceCrop,padding=0.7","off"
"m26-sam-hartman","10104","Sam Hartman","WAS","QB","57","70","76","63","28","25","https://ratings-images-prod.pulse.ea.com/madden-nfl-26/portraits/10104.png?im=FaceCrop,padding=0.7","off"
"m26-sam-ehlinger","937","Sam Ehlinger","DEN","QB","56","69","74","68","50","22","https://ratings-images-prod.pulse.ea.com/madden-nfl-26/portraits/937.png?im=FaceCrop,padding=0.7","off"
"m26-tyree-jackson","9519","Tyree Jackson","WAS","TE","56","60","76","67","65","53","https://ratings-images-prod.pulse.ea.com/madden-nfl-26/portraits/9519.png?im=FaceCrop,padding=0.7","off"
"m26-chris-oladokun","2157","Chris Oladokun","KC","QB","55","68","73","62","33","17","https://ratings-images-prod.pulse.ea.com/madden-nfl-26/portraits/2157.png?im=FaceCrop,padding=0.7","off"
"m26-brandon-allen","7876","Brandon Allen","TEN","QB","54","68","74","57","29","17","https://ratings-images-prod.pulse.ea.com/madden-nfl-26/portraits/7876.png?im=FaceCrop,padding=0.7","off"
"m26-feleipe-franks","874","Feleipe Franks","ATL","TE","54","59","78","70","65","50","https://ratings-images-prod.pulse.ea.com/madden-nfl-26/portraits/874.png?im=FaceCrop,padding=0.7","off"
